dataset,length_bp,variant_id,variant_label,joint_trellis,cross_loo_score,blind_ids_likelihood,sparse_gate,repeats,sequences,exact_count,success_percent,mean_ed,reconstruction_percent,wall_seconds_mean,wall_seconds_sd,wall_seconds_median,decoded_fraction_percent,changed_clusters,routing_policy,cross_reuse,phase_load,effective_cross_weight,effective_local_weight,delta_success_vs_full_pp,delta_mean_ed_vs_full,runtime_ratio_vs_full
Srinivas-110,110,guide_only,Guide only,0,0,0,0,3,9984,9271,92.8585737179487,0.180388621794872,99.8360103438228,1.2223580392698448,0.03804444378200207,1.203865073621273,0.0,0,adaptive-bimodal-anomaly,0.989565,3.82907,0.68,0.0,-5.138221153846203,0.1313100961538464,0.6861371053191493
Srinivas-110,110,without_cross_loo,Full w/o Cross-LOO score,1,0,1,1,3,9984,9399,94.140625,0.15244391025641,99.8614146270396,1.6145586930215359,0.007981766880859666,1.615893304347992,10.006009615384615,274,adaptive-bimodal-anomaly,0.989565,3.82907,0.0,0.0,-3.8561698717949042,0.10336538461538439,0.906288167957235
Srinivas-110,110,without_blind_ids,Full w/o blind IDS likelihood,1,1,0,1,3,9984,9779,97.9467147435897,0.0498798076923077,99.9546547202797,1.765739628424247,0.017933851566137835,1.756223775446415,10.006009615384615,722,adaptive-bimodal-anomaly,0.989565,3.82907,0.68,0.0,-0.05008012820520946,0.000801282051282104,0.9911494328764885
Srinivas-110,110,decode_all,Full with decoding of all clusters,1,1,1,0,3,9984,9785,98.0068108974359,0.0488782051282051,99.9555652680653,6.823757243653138,0.02103330319885555,6.825217384845018,100.0,705,explicit-decode-all,0.989565,3.82907,0.68,0.0,0.010016025640993576,-0.00020032051282049823,3.8303286697876797
Srinivas-110,110,local_trellis_only,Local trellis only,1,0,0,0,3,9984,9471,94.8617788461538,0.136518429487179,99.8758923368298,5.144795739402373,0.08291269624589725,5.1054622605443,100.0,432,explicit-decode-all,0.989565,3.82907,0.0,0.0,-3.1350160256411073,0.08743990384615338,2.887889752989594
Srinivas-110,110,full,Full,1,1,1,1,3,9984,9784,97.9967948717949,0.0490785256410256,99.9553831585082,1.7815069754918416,0.011983907068735459,1.777711909264326,10.006009615384615,704,adaptive-bimodal-anomaly,0.989565,3.82907,0.68,0.0,0.0,0.0,1.0
Chandak-108,108,guide_only,Guide only,0,0,0,0,3,1466,1268,86.493860845839,0.382673942701228,99.6456722752766,0.8827906486888727,0.026004139264534088,0.8713970258831978,0.0,0,low-reuse-high-phase-dense,0.125983,9.15961,0.5,0.4,-8.867667121418805,0.260572987721692,0.4190113042803096
Chandak-108,108,without_cross_loo,Full w/o Cross-LOO score,1,0,1,1,3,1466,1340,91.4051841746248,0.218281036834925,99.7978879288566,1.9227966082592804,0.04737570962873319,1.9155079200863838,100.0,120,low-reuse-high-phase-dense,0.125983,9.15961,0.0,0.4,-3.9563437926330067,0.096180081855389,0.9126439160734982
Chandak-108,108,without_blind_ids,Full w/o blind IDS likelihood,1,1,0,1,3,1466,1400,95.4979536152797,0.1193724420191,99.8894699610934,2.1210031087199845,0.07116862901747484,2.0821195766329765,100.0,188,low-reuse-high-phase-dense,0.125983,9.15961,0.5,0.4,0.13642564802189838,-0.002728512960436011,1.0067214466842076
Chandak-108,108,decode_all,Full with decoding of all clusters,1,1,1,0,3,1466,1398,95.3615279672578,0.122100954979536,99.8869435602041,2.1327778274814286,0.09117754451348935,2.1221076361835003,100.0,170,explicit-decode-all,0.125983,9.15961,0.5,0.4,0.0,0.0,1.012310246557761
Chandak-108,108,local_trellis_only,Local trellis only,1,0,0,0,3,1466,1354,92.3601637107776,0.193042291950887,99.8212571370825,1.8633213850359123,0.011565212245179639,1.8615540079772472,100.0,139,explicit-decode-all,0.125983,9.15961,0.0,0.4,-3.001364256480201,0.07094133697135101,0.8844143568997591
Chandak-108,108,full,Full,1,1,1,1,3,1466,1398,95.3615279672578,0.122100954979536,99.8869435602041,2.1068420819938183,0.030597821343255647,2.1013465523719788,100.0,170,low-reuse-high-phase-dense,0.125983,9.15961,0.5,0.4,0.0,0.0,1.0
Bar-Lev-140,140,guide_only,Guide only,0,0,0,0,3,10000,9841,98.41,0.1896,99.8645714285714,1.1798757550617058,0.01680436035644906,1.188236027956009,0.0,0,low-phase-weak-position,0.102631,2.2224,0.0,0.8,-0.3299999999999983,0.004399999999999987,0.4969830498222064
Bar-Lev-140,140,without_cross_loo,Full w/o Cross-LOO score,1,0,1,1,3,10000,9874,98.74,0.1852,99.8677142857143,2.4194869535664716,0.04586815726061996,2.41968572512269,35.17,69,low-phase-weak-position,0.102631,2.2224,0.0,0.8,0.0,0.0,1.0191276496953003
Bar-Lev-140,140,without_blind_ids,Full w/o blind IDS likelihood,1,1,0,1,3,10000,9875,98.75,0.1859,99.8672142857143,2.320481131474177,0.011972780560870864,2.319979801774025,35.17,93,low-phase-weak-position,0.102631,2.2224,0.0,0.8,0.010000000000005116,0.0007000000000000062,0.9774247710638041
Bar-Lev-140,140,decode_all,Full with decoding of all clusters,1,1,1,0,3,10000,9876,98.76,0.1847,99.8680714285714,4.450010446210702,0.046098348192142626,4.447840742766857,100.0,74,explicit-decode-all,0.102631,2.2224,0.0,0.8,0.020000000000010232,-0.0005000000000000004,1.8744175001568788
Bar-Lev-140,140,local_trellis_only,Local trellis only,1,0,0,0,3,10000,9877,98.77,0.1855,99.8675,4.342115828146537,0.06686205680991378,4.326044138520956,100.0,100,explicit-decode-all,0.102631,2.2224,0.0,0.8,0.030000000000001137,0.0002999999999999947,1.8289705146459962
Bar-Lev-140,140,full,Full,1,1,1,1,3,10000,9874,98.74,0.1852,99.8677142857143,2.374076450864474,0.027282196881786337,2.378728624433279,35.17,69,low-phase-weak-position,0.102631,2.2224,0.0,0.8,0.0,0.0,1.0
