dataset,variant_id,repetition,wall_seconds,internal_seconds,decoded_count,changed_count,sha256,result_path,log_path
Srinivas-110,guide_only,1,1.2661137580871582,1.23527,0,0,564b098f9626bd1a27f0c11cea20ee646b3eaa5d3c79d08e65d57e03ffae3a40,/mnt/st_data/zhangzixin/bbs-test-master/experiments/ablation_study/ablation_results/Srinivas-110/guide_only_rep1.txt,/mnt/st_data/zhangzixin/bbs-test-master/experiments/ablation_study/ablation_results/Srinivas-110/guide_only_rep1.log
Srinivas-110,guide_only,2,1.203865073621273,1.1724,0,0,564b098f9626bd1a27f0c11cea20ee646b3eaa5d3c79d08e65d57e03ffae3a40,/mnt/st_data/zhangzixin/bbs-test-master/experiments/ablation_study/ablation_results/Srinivas-110/guide_only_rep2.txt,/mnt/st_data/zhangzixin/bbs-test-master/experiments/ablation_study/ablation_results/Srinivas-110/guide_only_rep2.log
Srinivas-110,guide_only,3,1.1970952861011028,1.16589,0,0,564b098f9626bd1a27f0c11cea20ee646b3eaa5d3c79d08e65d57e03ffae3a40,/mnt/st_data/zhangzixin/bbs-test-master/experiments/ablation_study/ablation_results/Srinivas-110/guide_only_rep3.txt,/mnt/st_data/zhangzixin/bbs-test-master/experiments/ablation_study/ablation_results/Srinivas-110/guide_only_rep3.log
Srinivas-110,without_cross_loo,1,1.6059937477111816,1.5592,999,274,dadf2efbb6c079f2e76c584871c10bcc2c799a516c0236d75b0e4c5dab63d048,/mnt/st_data/zhangzixin/bbs-test-master/experiments/ablation_study/ablation_results/Srinivas-110/without_cross_loo_rep1.txt,/mnt/st_data/zhangzixin/bbs-test-master/experiments/ablation_study/ablation_results/Srinivas-110/without_cross_loo_rep1.log
Srinivas-110,without_cross_loo,2,1.615893304347992,1.56671,999,274,dadf2efbb6c079f2e76c584871c10bcc2c799a516c0236d75b0e4c5dab63d048,/mnt/st_data/zhangzixin/bbs-test-master/experiments/ablation_study/ablation_results/Srinivas-110/without_cross_loo_rep2.txt,/mnt/st_data/zhangzixin/bbs-test-master/experiments/ablation_study/ablation_results/Srinivas-110/without_cross_loo_rep2.log
Srinivas-110,without_cross_loo,3,1.621789027005434,1.57122,999,274,dadf2efbb6c079f2e76c584871c10bcc2c799a516c0236d75b0e4c5dab63d048,/mnt/st_data/zhangzixin/bbs-test-master/experiments/ablation_study/ablation_results/Srinivas-110/without_cross_loo_rep3.txt,/mnt/st_data/zhangzixin/bbs-test-master/experiments/ablation_study/ablation_results/Srinivas-110/without_cross_loo_rep3.log
Srinivas-110,without_blind_ids,1,1.756223775446415,1.70729,999,722,4c77a6642b33750efd6d62842ef2b444c5cc59e4348aa9652b1a9bc0e1d9691a,/mnt/st_data/zhangzixin/bbs-test-master/experiments/ablation_study/ablation_results/Srinivas-110/without_blind_ids_rep1.txt,/mnt/st_data/zhangzixin/bbs-test-master/experiments/ablation_study/ablation_results/Srinivas-110/without_blind_ids_rep1.log
Srinivas-110,without_blind_ids,2,1.7545692957937717,1.70482,999,722,4c77a6642b33750efd6d62842ef2b444c5cc59e4348aa9652b1a9bc0e1d9691a,/mnt/st_data/zhangzixin/bbs-test-master/experiments/ablation_study/ablation_results/Srinivas-110/without_blind_ids_rep2.txt,/mnt/st_data/zhangzixin/bbs-test-master/experiments/ablation_study/ablation_results/Srinivas-110/without_blind_ids_rep2.log
Srinivas-110,without_blind_ids,3,1.7864258140325546,1.73977,999,722,4c77a6642b33750efd6d62842ef2b444c5cc59e4348aa9652b1a9bc0e1d9691a,/mnt/st_data/zhangzixin/bbs-test-master/experiments/ablation_study/ablation_results/Srinivas-110/without_blind_ids_rep3.txt,/mnt/st_data/zhangzixin/bbs-test-master/experiments/ablation_study/ablation_results/Srinivas-110/without_blind_ids_rep3.log
Srinivas-110,decode_all,1,6.8020319156348705,6.75345,9984,705,86a8a66b7fe84e32e3d6e7dc9407e352af0197841f10a0329685a1cdf7bb41a4,/mnt/st_data/zhangzixin/bbs-test-master/experiments/ablation_study/ablation_results/Srinivas-110/decode_all_rep1.txt,/mnt/st_data/zhangzixin/bbs-test-master/experiments/ablation_study/ablation_results/Srinivas-110/decode_all_rep1.log
Srinivas-110,decode_all,2,6.825217384845018,6.77849,9984,705,86a8a66b7fe84e32e3d6e7dc9407e352af0197841f10a0329685a1cdf7bb41a4,/mnt/st_data/zhangzixin/bbs-test-master/experiments/ablation_study/ablation_results/Srinivas-110/decode_all_rep2.txt,/mnt/st_data/zhangzixin/bbs-test-master/experiments/ablation_study/ablation_results/Srinivas-110/decode_all_rep2.log
Srinivas-110,decode_all,3,6.8440224304795265,6.79574,9984,705,86a8a66b7fe84e32e3d6e7dc9407e352af0197841f10a0329685a1cdf7bb41a4,/mnt/st_data/zhangzixin/bbs-test-master/experiments/ablation_study/ablation_results/Srinivas-110/decode_all_rep3.txt,/mnt/st_data/zhangzixin/bbs-test-master/experiments/ablation_study/ablation_results/Srinivas-110/decode_all_rep3.log
Srinivas-110,local_trellis_only,1,5.1054622605443,5.05848,9984,432,db5edfc832c98ffb6641db3287f0e1f8dccb8999cfab1145f2997552e675b122,/mnt/st_data/zhangzixin/bbs-test-master/experiments/ablation_study/ablation_results/Srinivas-110/local_trellis_only_rep1.txt,/mnt/st_data/zhangzixin/bbs-test-master/experiments/ablation_study/ablation_results/Srinivas-110/local_trellis_only_rep1.log
Srinivas-110,local_trellis_only,2,5.088870327919722,5.04399,9984,432,db5edfc832c98ffb6641db3287f0e1f8dccb8999cfab1145f2997552e675b122,/mnt/st_data/zhangzixin/bbs-test-master/experiments/ablation_study/ablation_results/Srinivas-110/local_trellis_only_rep2.txt,/mnt/st_data/zhangzixin/bbs-test-master/experiments/ablation_study/ablation_results/Srinivas-110/local_trellis_only_rep2.log
Srinivas-110,local_trellis_only,3,5.240054629743099,5.19245,9984,432,db5edfc832c98ffb6641db3287f0e1f8dccb8999cfab1145f2997552e675b122,/mnt/st_data/zhangzixin/bbs-test-master/experiments/ablation_study/ablation_results/Srinivas-110/local_trellis_only_rep3.txt,/mnt/st_data/zhangzixin/bbs-test-master/experiments/ablation_study/ablation_results/Srinivas-110/local_trellis_only_rep3.log
Srinivas-110,full,1,1.777711909264326,1.72817,999,704,0df87f382cf90f2a83b4c70c4f5ca9d7a1252ea78ac4dbfa2ef0a61f757de6ac,/mnt/st_data/zhangzixin/bbs-test-master/experiments/ablation_study/ablation_results/Srinivas-110/full_rep1.txt,/mnt/st_data/zhangzixin/bbs-test-master/experiments/ablation_study/ablation_results/Srinivas-110/full_rep1.log
Srinivas-110,full,2,1.7718800939619541,1.72349,999,704,0df87f382cf90f2a83b4c70c4f5ca9d7a1252ea78ac4dbfa2ef0a61f757de6ac,/mnt/st_data/zhangzixin/bbs-test-master/experiments/ablation_study/ablation_results/Srinivas-110/full_rep2.txt,/mnt/st_data/zhangzixin/bbs-test-master/experiments/ablation_study/ablation_results/Srinivas-110/full_rep2.log
Srinivas-110,full,3,1.7949289232492447,1.74638,999,704,0df87f382cf90f2a83b4c70c4f5ca9d7a1252ea78ac4dbfa2ef0a61f757de6ac,/mnt/st_data/zhangzixin/bbs-test-master/experiments/ablation_study/ablation_results/Srinivas-110/full_rep3.txt,/mnt/st_data/zhangzixin/bbs-test-master/experiments/ablation_study/ablation_results/Srinivas-110/full_rep3.log
Chandak-108,guide_only,1,0.8713970258831978,0.844676,0,0,f4b10e208d6c4b3f37b670db3642936747341555963ebf08963aa9d1d088efd4,/mnt/st_data/zhangzixin/bbs-test-master/experiments/ablation_study/ablation_results/Chandak-108/guide_only_rep1.txt,/mnt/st_data/zhangzixin/bbs-test-master/experiments/ablation_study/ablation_results/Chandak-108/guide_only_rep1.log
Chandak-108,guide_only,2,0.8644280694425106,0.835948,0,0,f4b10e208d6c4b3f37b670db3642936747341555963ebf08963aa9d1d088efd4,/mnt/st_data/zhangzixin/bbs-test-master/experiments/ablation_study/ablation_results/Chandak-108/guide_only_rep2.txt,/mnt/st_data/zhangzixin/bbs-test-master/experiments/ablation_study/ablation_results/Chandak-108/guide_only_rep2.log
Chandak-108,guide_only,3,0.9125468507409096,0.886244,0,0,f4b10e208d6c4b3f37b670db3642936747341555963ebf08963aa9d1d088efd4,/mnt/st_data/zhangzixin/bbs-test-master/experiments/ablation_study/ablation_results/Chandak-108/guide_only_rep3.txt,/mnt/st_data/zhangzixin/bbs-test-master/experiments/ablation_study/ablation_results/Chandak-108/guide_only_rep3.log
Chandak-108,without_cross_loo,1,1.9733942709863186,1.9442,1466,120,aa69fb37d34902b7e030f7f74b8753cd6a207abc37df8776a1960a311c51ac23,/mnt/st_data/zhangzixin/bbs-test-master/experiments/ablation_study/ablation_results/Chandak-108/without_cross_loo_rep1.txt,/mnt/st_data/zhangzixin/bbs-test-master/experiments/ablation_study/ablation_results/Chandak-108/without_cross_loo_rep1.log
Chandak-108,without_cross_loo,2,1.8794876337051392,1.84165,1466,120,aa69fb37d34902b7e030f7f74b8753cd6a207abc37df8776a1960a311c51ac23,/mnt/st_data/zhangzixin/bbs-test-master/experiments/ablation_study/ablation_results/Chandak-108/without_cross_loo_rep2.txt,/mnt/st_data/zhangzixin/bbs-test-master/experiments/ablation_study/ablation_results/Chandak-108/without_cross_loo_rep2.log
Chandak-108,without_cross_loo,3,1.9155079200863838,1.88551,1466,120,aa69fb37d34902b7e030f7f74b8753cd6a207abc37df8776a1960a311c51ac23,/mnt/st_data/zhangzixin/bbs-test-master/experiments/ablation_study/ablation_results/Chandak-108/without_cross_loo_rep3.txt,/mnt/st_data/zhangzixin/bbs-test-master/experiments/ablation_study/ablation_results/Chandak-108/without_cross_loo_rep3.log
Chandak-108,without_blind_ids,1,2.0821195766329765,2.05049,1466,188,76f56ff00961c188dfb7b717cb95a1de62f0817256d887163e169df789b14480,/mnt/st_data/zhangzixin/bbs-test-master/experiments/ablation_study/ablation_results/Chandak-108/without_blind_ids_rep1.txt,/mnt/st_data/zhangzixin/bbs-test-master/experiments/ablation_study/ablation_results/Chandak-108/without_blind_ids_rep1.log
Chandak-108,without_blind_ids,2,2.0777469724416733,2.04008,1466,188,76f56ff00961c188dfb7b717cb95a1de62f0817256d887163e169df789b14480,/mnt/st_data/zhangzixin/bbs-test-master/experiments/ablation_study/ablation_results/Chandak-108/without_blind_ids_rep2.txt,/mnt/st_data/zhangzixin/bbs-test-master/experiments/ablation_study/ablation_results/Chandak-108/without_blind_ids_rep2.log
Chandak-108,without_blind_ids,3,2.2031427770853043,2.17341,1466,188,76f56ff00961c188dfb7b717cb95a1de62f0817256d887163e169df789b14480,/mnt/st_data/zhangzixin/bbs-test-master/experiments/ablation_study/ablation_results/Chandak-108/without_blind_ids_rep3.txt,/mnt/st_data/zhangzixin/bbs-test-master/experiments/ablation_study/ablation_results/Chandak-108/without_blind_ids_rep3.log
Chandak-108,decode_all,1,2.1221076361835003,2.09198,1466,170,0256c3780f557cbb339bc90f443bfb9b517b081c566e7920bea2485deb97a9ad,/mnt/st_data/zhangzixin/bbs-test-master/experiments/ablation_study/ablation_results/Chandak-108/decode_all_rep1.txt,/mnt/st_data/zhangzixin/bbs-test-master/experiments/ablation_study/ablation_results/Chandak-108/decode_all_rep1.log
Chandak-108,decode_all,2,2.228820998221636,2.19435,1466,170,0256c3780f557cbb339bc90f443bfb9b517b081c566e7920bea2485deb97a9ad,/mnt/st_data/zhangzixin/bbs-test-master/experiments/ablation_study/ablation_results/Chandak-108/decode_all_rep2.txt,/mnt/st_data/zhangzixin/bbs-test-master/experiments/ablation_study/ablation_results/Chandak-108/decode_all_rep2.log
Chandak-108,decode_all,3,2.0474048480391502,2.01768,1466,170,0256c3780f557cbb339bc90f443bfb9b517b081c566e7920bea2485deb97a9ad,/mnt/st_data/zhangzixin/bbs-test-master/experiments/ablation_study/ablation_results/Chandak-108/decode_all_rep3.txt,/mnt/st_data/zhangzixin/bbs-test-master/experiments/ablation_study/ablation_results/Chandak-108/decode_all_rep3.log
Chandak-108,local_trellis_only,1,1.8527415916323662,1.81276,1466,139,59681f0772c19d3e9bf1266565ef0b93b7c5f2a69a1f4157c8adb5912cce5e51,/mnt/st_data/zhangzixin/bbs-test-master/experiments/ablation_study/ablation_results/Chandak-108/local_trellis_only_rep1.txt,/mnt/st_data/zhangzixin/bbs-test-master/experiments/ablation_study/ablation_results/Chandak-108/local_trellis_only_rep1.log
Chandak-108,local_trellis_only,2,1.8615540079772472,1.8307,1466,139,59681f0772c19d3e9bf1266565ef0b93b7c5f2a69a1f4157c8adb5912cce5e51,/mnt/st_data/zhangzixin/bbs-test-master/experiments/ablation_study/ablation_results/Chandak-108/local_trellis_only_rep2.txt,/mnt/st_data/zhangzixin/bbs-test-master/experiments/ablation_study/ablation_results/Chandak-108/local_trellis_only_rep2.log
Chandak-108,local_trellis_only,3,1.8756685554981232,1.84722,1466,139,59681f0772c19d3e9bf1266565ef0b93b7c5f2a69a1f4157c8adb5912cce5e51,/mnt/st_data/zhangzixin/bbs-test-master/experiments/ablation_study/ablation_results/Chandak-108/local_trellis_only_rep3.txt,/mnt/st_data/zhangzixin/bbs-test-master/experiments/ablation_study/ablation_results/Chandak-108/local_trellis_only_rep3.log
Chandak-108,full,1,2.07936442643404,2.04715,1466,170,0256c3780f557cbb339bc90f443bfb9b517b081c566e7920bea2485deb97a9ad,/mnt/st_data/zhangzixin/bbs-test-master/experiments/ablation_study/ablation_results/Chandak-108/full_rep1.txt,/mnt/st_data/zhangzixin/bbs-test-master/experiments/ablation_study/ablation_results/Chandak-108/full_rep1.log
Chandak-108,full,2,2.139815267175436,2.11013,1466,170,0256c3780f557cbb339bc90f443bfb9b517b081c566e7920bea2485deb97a9ad,/mnt/st_data/zhangzixin/bbs-test-master/experiments/ablation_study/ablation_results/Chandak-108/full_rep2.txt,/mnt/st_data/zhangzixin/bbs-test-master/experiments/ablation_study/ablation_results/Chandak-108/full_rep2.log
Chandak-108,full,3,2.1013465523719788,2.06512,1466,170,0256c3780f557cbb339bc90f443bfb9b517b081c566e7920bea2485deb97a9ad,/mnt/st_data/zhangzixin/bbs-test-master/experiments/ablation_study/ablation_results/Chandak-108/full_rep3.txt,/mnt/st_data/zhangzixin/bbs-test-master/experiments/ablation_study/ablation_results/Chandak-108/full_rep3.log
Bar-Lev-140,guide_only,1,1.1908602453768253,1.16166,0,0,077eada3893acd54321e127c158a2a4299a7631961490ebba63ccde32d0641a1,/mnt/st_data/zhangzixin/bbs-test-master/experiments/ablation_study/ablation_results/Bar-Lev-140/guide_only_rep1.txt,/mnt/st_data/zhangzixin/bbs-test-master/experiments/ablation_study/ablation_results/Bar-Lev-140/guide_only_rep1.log
Bar-Lev-140,guide_only,2,1.188236027956009,1.15928,0,0,077eada3893acd54321e127c158a2a4299a7631961490ebba63ccde32d0641a1,/mnt/st_data/zhangzixin/bbs-test-master/experiments/ablation_study/ablation_results/Bar-Lev-140/guide_only_rep2.txt,/mnt/st_data/zhangzixin/bbs-test-master/experiments/ablation_study/ablation_results/Bar-Lev-140/guide_only_rep2.log
Bar-Lev-140,guide_only,3,1.1605309918522835,1.13095,0,0,077eada3893acd54321e127c158a2a4299a7631961490ebba63ccde32d0641a1,/mnt/st_data/zhangzixin/bbs-test-master/experiments/ablation_study/ablation_results/Bar-Lev-140/guide_only_rep3.txt,/mnt/st_data/zhangzixin/bbs-test-master/experiments/ablation_study/ablation_results/Bar-Lev-140/guide_only_rep3.log
Bar-Lev-140,without_cross_loo,1,2.41968572512269,2.38072,3517,69,880dce946f0df13f32f5407d528dd48fdb42c53a6433bb35db561e519ee2d991,/mnt/st_data/zhangzixin/bbs-test-master/experiments/ablation_study/ablation_results/Bar-Lev-140/without_cross_loo_rep1.txt,/mnt/st_data/zhangzixin/bbs-test-master/experiments/ablation_study/ablation_results/Bar-Lev-140/without_cross_loo_rep1.log
Bar-Lev-140,without_cross_loo,2,2.4652554020285606,2.42466,3517,69,880dce946f0df13f32f5407d528dd48fdb42c53a6433bb35db561e519ee2d991,/mnt/st_data/zhangzixin/bbs-test-master/experiments/ablation_study/ablation_results/Bar-Lev-140/without_cross_loo_rep2.txt,/mnt/st_data/zhangzixin/bbs-test-master/experiments/ablation_study/ablation_results/Bar-Lev-140/without_cross_loo_rep2.log
Bar-Lev-140,without_cross_loo,3,2.3735197335481644,2.3304,3517,69,880dce946f0df13f32f5407d528dd48fdb42c53a6433bb35db561e519ee2d991,/mnt/st_data/zhangzixin/bbs-test-master/experiments/ablation_study/ablation_results/Bar-Lev-140/without_cross_loo_rep3.txt,/mnt/st_data/zhangzixin/bbs-test-master/experiments/ablation_study/ablation_results/Bar-Lev-140/without_cross_loo_rep3.log
Bar-Lev-140,without_blind_ids,1,2.3326967023313046,2.29228,3517,93,de431cc7569ef8eea76cf2968a387c0066e0250d3da2b1b9c6bca0e0ff7b1765,/mnt/st_data/zhangzixin/bbs-test-master/experiments/ablation_study/ablation_results/Bar-Lev-140/without_blind_ids_rep1.txt,/mnt/st_data/zhangzixin/bbs-test-master/experiments/ablation_study/ablation_results/Bar-Lev-140/without_blind_ids_rep1.log
Bar-Lev-140,without_blind_ids,2,2.3087668903172016,2.26951,3517,93,de431cc7569ef8eea76cf2968a387c0066e0250d3da2b1b9c6bca0e0ff7b1765,/mnt/st_data/zhangzixin/bbs-test-master/experiments/ablation_study/ablation_results/Bar-Lev-140/without_blind_ids_rep2.txt,/mnt/st_data/zhangzixin/bbs-test-master/experiments/ablation_study/ablation_results/Bar-Lev-140/without_blind_ids_rep2.log
Bar-Lev-140,without_blind_ids,3,2.319979801774025,2.28236,3517,93,de431cc7569ef8eea76cf2968a387c0066e0250d3da2b1b9c6bca0e0ff7b1765,/mnt/st_data/zhangzixin/bbs-test-master/experiments/ablation_study/ablation_results/Bar-Lev-140/without_blind_ids_rep3.txt,/mnt/st_data/zhangzixin/bbs-test-master/experiments/ablation_study/ablation_results/Bar-Lev-140/without_blind_ids_rep3.log
Bar-Lev-140,decode_all,1,4.447840742766857,4.41443,10000,74,cf3b4fb4ea1c598d917cb7d2affdcf5c22b82990461ed203387e6d1886acd908,/mnt/st_data/zhangzixin/bbs-test-master/experiments/ablation_study/ablation_results/Bar-Lev-140/decode_all_rep1.txt,/mnt/st_data/zhangzixin/bbs-test-master/experiments/ablation_study/ablation_results/Bar-Lev-140/decode_all_rep1.log
Bar-Lev-140,decode_all,2,4.497155334800482,4.46349,10000,74,cf3b4fb4ea1c598d917cb7d2affdcf5c22b82990461ed203387e6d1886acd908,/mnt/st_data/zhangzixin/bbs-test-master/experiments/ablation_study/ablation_results/Bar-Lev-140/decode_all_rep2.txt,/mnt/st_data/zhangzixin/bbs-test-master/experiments/ablation_study/ablation_results/Bar-Lev-140/decode_all_rep2.log
Bar-Lev-140,decode_all,3,4.405035261064768,4.37106,10000,74,cf3b4fb4ea1c598d917cb7d2affdcf5c22b82990461ed203387e6d1886acd908,/mnt/st_data/zhangzixin/bbs-test-master/experiments/ablation_study/ablation_results/Bar-Lev-140/decode_all_rep3.txt,/mnt/st_data/zhangzixin/bbs-test-master/experiments/ablation_study/ablation_results/Bar-Lev-140/decode_all_rep3.log
Bar-Lev-140,local_trellis_only,1,4.28475434705615,4.2505,10000,100,91db2cb6808d1965e88d84548d47783583e2f0635e872aac1801d48d5d50d985,/mnt/st_data/zhangzixin/bbs-test-master/experiments/ablation_study/ablation_results/Bar-Lev-140/local_trellis_only_rep1.txt,/mnt/st_data/zhangzixin/bbs-test-master/experiments/ablation_study/ablation_results/Bar-Lev-140/local_trellis_only_rep1.log
Bar-Lev-140,local_trellis_only,2,4.326044138520956,4.29263,10000,100,91db2cb6808d1965e88d84548d47783583e2f0635e872aac1801d48d5d50d985,/mnt/st_data/zhangzixin/bbs-test-master/experiments/ablation_study/ablation_results/Bar-Lev-140/local_trellis_only_rep2.txt,/mnt/st_data/zhangzixin/bbs-test-master/experiments/ablation_study/ablation_results/Bar-Lev-140/local_trellis_only_rep2.log
Bar-Lev-140,local_trellis_only,3,4.415548998862505,4.3686,10000,100,91db2cb6808d1965e88d84548d47783583e2f0635e872aac1801d48d5d50d985,/mnt/st_data/zhangzixin/bbs-test-master/experiments/ablation_study/ablation_results/Bar-Lev-140/local_trellis_only_rep3.txt,/mnt/st_data/zhangzixin/bbs-test-master/experiments/ablation_study/ablation_results/Bar-Lev-140/local_trellis_only_rep3.log
Bar-Lev-140,full,1,2.39873343706131,2.3595,3517,69,880dce946f0df13f32f5407d528dd48fdb42c53a6433bb35db561e519ee2d991,/mnt/st_data/zhangzixin/bbs-test-master/experiments/ablation_study/ablation_results/Bar-Lev-140/full_rep1.txt,/mnt/st_data/zhangzixin/bbs-test-master/experiments/ablation_study/ablation_results/Bar-Lev-140/full_rep1.log
Bar-Lev-140,full,2,2.344767291098833,2.30415,3517,69,880dce946f0df13f32f5407d528dd48fdb42c53a6433bb35db561e519ee2d991,/mnt/st_data/zhangzixin/bbs-test-master/experiments/ablation_study/ablation_results/Bar-Lev-140/full_rep2.txt,/mnt/st_data/zhangzixin/bbs-test-master/experiments/ablation_study/ablation_results/Bar-Lev-140/full_rep2.log
Bar-Lev-140,full,3,2.378728624433279,2.34011,3517,69,880dce946f0df13f32f5407d528dd48fdb42c53a6433bb35db561e519ee2d991,/mnt/st_data/zhangzixin/bbs-test-master/experiments/ablation_study/ablation_results/Bar-Lev-140/full_rep3.txt,/mnt/st_data/zhangzixin/bbs-test-master/experiments/ablation_study/ablation_results/Bar-Lev-140/full_rep3.log
