dataset,method,coverage,exact_reconstruction_percent,exact_sd,mean_edit_distance
Chandak-108,ITR,5,15.6706,0.8971,3.221137
Chandak-108,ITR,10,63.207,1.4052,0.737609
Chandak-108,ITR,15,75.8309,1.3564,0.426968
Chandak-108,ITR,20,79.9125,0.4391,0.334111
Chandak-108,BBS,5,14.0962,0.4142,6.109767
Chandak-108,BBS,10,57.5219,1.0492,1.59344
Chandak-108,BBS,15,76.8805,1.7849,0.635131
Chandak-108,BBS,20,85.481,1.2533,0.350437
Chandak-108,CPL,5,16.2099,0.9141,3.318076
Chandak-108,CPL,10,67.2012,0.9545,0.747085
Chandak-108,CPL,15,82.7843,0.6193,0.363994
Chandak-108,CPL,20,88.0175,0.1829,0.253936
Chandak-108,CCP-DP,5,33.23615160349854,0.4695371256095159,2.6055393586005837
Chandak-108,CCP-DP,10,79.1399416909621,0.5930275687116046,0.5415451895043731
Chandak-108,CCP-DP,15,88.9941690962099,0.7799174401979843,0.2709912536443148
Chandak-108,CCP-DP,20,92.1137026239067,0.2697777773078955,0.1892128279883382
Chandak-150,ITR,5,13.0554,0.7029,1.591951
Chandak-150,ITR,10,59.4579,0.9241,0.45076
Chandak-150,ITR,15,74.6571,0.6087,0.268542
Chandak-150,ITR,20,84.4353,0.1674,0.158932
Chandak-150,BBS,5,82.6858,0.6473,0.957166
Chandak-150,BBS,10,96.9363,0.3462,0.977988
Chandak-150,BBS,15,98.6489,0.1342,1.239302
Chandak-150,BBS,20,99.0021,0.0609,1.5154
Chandak-150,CPL,5,77.2197,0.4839,0.530637
Chandak-150,CPL,10,98.0246,0.1626,0.03922
Chandak-150,CPL,15,99.7536,0.0384,0.004764
Chandak-150,CPL,20,99.9836,0.0092,0.000329
Chandak-150,CCP-DP,5,66.06160164271047,4.753369458226145,0.8120328542094455
Chandak-150,CCP-DP,10,94.27515400410678,0.4716985984913741,0.1187679671457905
Chandak-150,CCP-DP,15,99.54414784394253,0.1525599640329122,0.0094045174537987
Chandak-150,CCP-DP,20,99.90965092402465,0.0373016470730717,0.0019301848049281
Srinivas-110,ITR,5,67.5654,0.2516,0.536228
Srinivas-110,ITR,10,88.0669,0.1581,0.143387
Srinivas-110,ITR,15,90.1999,0.216,0.1129
Srinivas-110,ITR,20,90.5051,0.111,0.107086
Srinivas-110,BBS,5,76.032,0.1356,0.627217
Srinivas-110,BBS,10,95.1599,0.1618,0.097565
Srinivas-110,BBS,15,97.758,0.1801,0.045276
Srinivas-110,BBS,20,98.4884,0.0827,0.030669
Srinivas-110,CPL,5,69.3096,0.5221,0.595603
Srinivas-110,CPL,10,94.7565,0.2042,0.095567
Srinivas-110,CPL,15,97.2238,0.156,0.051672
Srinivas-110,CPL,20,97.8779,0.1194,0.039317
Srinivas-110,CCP-DP,5,88.04505813953489,0.2199076750892111,0.2432412790697674
Srinivas-110,CCP-DP,10,95.7594476744186,0.1369290965219257,0.0819767441860465
Srinivas-110,CCP-DP,15,97.40552325581396,0.2263431904418209,0.0511627906976744
Srinivas-110,CCP-DP,20,97.95421511627907,0.098345702054683,0.038844476744186
