method,dataset,dataset_label,length,coverage,n_seeds,n_clusters,success_rate_percent_mean,success_rate_percent_sd,success_rate_percent_sem,reconstruction_rate_percent_mean,reconstruction_rate_percent_sd,reconstruction_rate_percent_sem,mean_edit_distance_mean,mean_edit_distance_sd,mean_edit_distance_sem,algorithm_time_seconds_mean,algorithm_time_seconds_sd,algorithm_time_seconds_sem,max_rss_kb_mean,max_rss_kb_sd,max_rss_kb_sem
CPL,chandak_108,Chandak et al. (108 bp),108,5,5,1372,16.20991253644315,0.9141348160415835,0.40881351785364917,96.9277075909729,0.054853112931642876,0.02453105785852525,3.3180758017492713,0.05924136196617232,0.02649354248720638,0.33799999999999997,0.010954451150103302,0.004898979485566347,21611.2,212.911249115682,95.21680523941139
CPL,chandak_108,Chandak et al. (108 bp),108,10,5,1372,67.20116618075801,0.9545044354015175,0.42686736047657,99.30825504805097,0.013480580090864714,0.006028698691860758,0.7470845481049563,0.014559026498132793,0.006510994587209128,1.1480000000000001,0.044384682042344276,0.019849433241279198,34704.0,279.82851891828324,125.14311806887343
CPL,chandak_108,Chandak et al. (108 bp),108,15,5,1372,82.78425655976676,0.6193191191325947,0.2769679300291545,99.66296836194795,0.012040387174380815,0.005384624839466423,0.3639941690962099,0.013003618148330814,0.005815394826623529,2.416,0.05727128425310528,0.025612496949731334,43689.6,572.0741210717366,255.83932457696957
CPL,chandak_108,Chandak et al. (108 bp),108,20,5,1372,88.01749271137025,0.18294315448996076,0.08181466589155963,99.76487420364971,0.005577408895205776,0.0024942930855984227,0.25393586005830904,0.006023601606820526,0.0026938365324455315,4.254,0.09864076236526147,0.04411349000022551,53794.4,339.95999764678197,152.0347328737746
CPL,chandak_150,Chandak et al. (150 bp),150,5,5,4870,77.21971252566735,0.48387688427076986,0.21639632119404803,99.64624229979466,0.01420566009458237,0.006352964327348454,0.5306365503080082,0.021308490141868832,0.009529446491020568,1.156,0.03847076812334263,0.017204650534085226,28361.6,893.6603381598626,399.6570529841804
CPL,chandak_150,Chandak et al. (150 bp),150,10,5,4870,98.02464065708419,0.16259411001912827,0.07271429654877008,99.97385352498289,0.0018844489935592962,0.0008427512099459299,0.03921971252566735,0.0028266734903359767,0.0012641268149175676,3.7960000000000003,0.042778499272414845,0.01913112646970898,39475.2,2381.909150240622,1065.2221552333579
CPL,chandak_150,Chandak et al. (150 bp),150,15,5,4870,99.75359342915812,0.038415373580837374,0.017179877341560377,99.99682409308693,0.0006522178918285504,0.0002916807084540487,0.004763860369609857,0.0009783268377471536,0.00043752106268300854,7.864,0.15614096195425436,0.06982836100038423,45835.2,1552.4700319168805,694.2857048794825
CPL,chandak_150,Chandak et al. (150 bp),150,20,5,4870,99.9835728952772,0.00918303070841573,0.004106776180697124,99.99978097193704,0.00012244040944156044,5.4757015740847236e-05,0.00032854209445585213,0.00018366061416836055,8.213552361396303e-05,13.443999999999999,0.31611706692299957,0.14137185009753545,57363.2,4858.130833973083,2172.6221576703115
CPL,srinivas_110,Srinivasavaradhan et al. (110 bp),110,5,5,5504,69.30959302325581,0.5220747835195069,0.23347894105762085,99.45854254756871,0.006999157733914673,0.0031301184956553187,0.5956031976744186,0.007699073507299992,0.003443130345218101,0.89,0.02915475947422653,0.013038404810405309,14463.2,124.49578306111417,55.67620676734362
CPL,srinivas_110,Srinivasavaradhan et al. (110 bp),110,10,5,5504,94.75654069767441,0.20418472524835146,0.09131418512448629,99.9131210359408,0.002361976355392223,0.0010563079383808425,0.09556686046511628,0.002598173990929341,0.0011619387322179856,2.922,0.052153619241621235,0.023323807579381222,19846.4,141.97464562378735,63.49299173924631
CPL,srinivas_110,Srinivasavaradhan et al. (110 bp),110,15,5,5504,97.22383720930233,0.15597511650679555,0.06975419266152887,99.95302589852008,0.0016787230374306304,0.0007507477654179627,0.05167151162790697,0.0018465953411732439,0.0008258225419595579,6.04,0.13435028842544425,0.060083275543199303,24775.2,201.66110185159656,90.18558643153571
CPL,srinivas_110,Srinivasavaradhan et al. (110 bp),110,20,5,5504,97.87790697674419,0.11941625527001982,0.053404572880446366,99.96425739957718,0.0028574737405778782,0.001277901105570547,0.039316860465116274,0.0031432211146306135,0.001405691216125342,10.468,0.1703525755602182,0.07618398781896345,29128.8,254.29746361299004,113.725283028885
