epoch,train_loss,train_base_accuracy,val_loss,val_base_accuracy,val_success_count,val_success_rate,val_total_edit_distance,val_average_edit_distance,backbone_lr,new_layer_lr,seconds
1,1.7418433435947822,0.25657312602705096,1.7291933690031913,0.2842465753424658,0,0.0,9849,67.45890410958904,1e-05,0.001,12.547108747065067
2,1.6576061924162986,0.3578166477057262,1.5550916047945416,0.4276382546930492,0,0.0,7165,49.07534246575342,1e-05,0.001,9.69642923772335
3,1.441148638318423,0.4820740108709392,1.3156209383925346,0.5391298833079655,0,0.0,5856,40.10958904109589,1e-05,0.001,9.70149864628911
4,1.226669196789582,0.5784587915560612,1.164658935102698,0.6025494672754946,0,0.0,4848,33.205479452054796,1e-05,0.001,8.806286543607712
5,1.0842781632426657,0.6409508911642018,1.0269846801888454,0.669710806697108,0,0.0,3736,25.589041095890412,1e-05,0.001,8.853379547595978
6,0.9729343451330686,0.6905653520414613,0.9642218073753461,0.6926052765093861,0,0.0,3126,21.410958904109588,1e-05,0.001,9.021540332585573
7,0.9025503045056054,0.7225066363291619,0.8986774650338578,0.7289446981227803,0,0.0,2492,17.068493150684933,1e-05,0.001,9.06518867611885
8,0.865803715718891,0.7383074200480344,0.8788366734165035,0.7385210553018772,0,0.0,2287,15.664383561643836,1e-05,0.001,9.004935398697853
9,0.8309368131103776,0.7572288585513841,0.8536380039502497,0.7530441400304414,0,0.0,2061,14.116438356164384,1e-05,0.001,9.03433221951127
10,0.7914447605406465,0.7750521425862723,0.8575062343519028,0.7473363774733638,0,0.0,1923,13.17123287671233,1e-05,0.001,9.152385633438826
11,0.7647663605091108,0.7892254455821008,0.8456504802181296,0.7612252663622526,0,0.0,1748,11.972602739726028,1e-05,0.001,8.998278934508562
12,0.7611055793208881,0.7899680824168879,0.8748518016240369,0.7454972095383054,1,0.00684931506849315,1708,11.698630136986301,1e-05,0.001,9.020474076271057
13,0.7489583766907962,0.7941394893186702,0.8430630246253863,0.7583713850837138,1,0.00684931506849315,1703,11.664383561643836,1e-05,0.001,9.034209847450256
14,0.7063884783930339,0.8137640626975098,0.7788013546434167,0.7947742262810756,4,0.0273972602739726,1365,9.349315068493151,1e-05,0.001,9.13971159979701
15,0.6676733402261962,0.8342734799646062,0.7198162748389048,0.8168442415017757,4,0.0273972602739726,1331,9.116438356164384,1e-05,0.001,9.197841931134462
16,0.6346089870449626,0.8492526229300973,0.7077614134305144,0.8232496194824962,11,0.07534246575342465,1260,8.63013698630137,1e-05,0.001,9.182718016207218
17,0.6335593270767264,0.8522389710529642,0.7134515014413285,0.8198883815322171,8,0.0547945205479452,1265,8.664383561643836,1e-05,0.001,9.220415968447924
18,0.6205511534580191,0.8573426241941601,0.6987916100515078,0.8297818366311517,12,0.0821917808219178,1150,7.876712328767123,1e-05,0.001,9.363346576690674
19,0.5964357446078148,0.8650060042978132,0.6933132638669994,0.8290842212075089,14,0.0958904109589041,1137,7.787671232876712,1e-05,0.001,9.317571174353361
20,0.5993434919025304,0.8640737580583997,0.6991584072374317,0.8333967529173009,8,0.0547945205479452,1105,7.568493150684931,1e-05,0.001,9.248878061771393
21,0.5914310271829468,0.8667045885475919,0.6913629255882682,0.8382166412988331,10,0.0684931506849315,1042,7.136986301369863,1e-05,0.001,9.247483190149069
22,0.5716658344447816,0.8748656933383896,0.676754354614101,0.8352993404363267,10,0.0684931506849315,1110,7.602739726027397,1e-05,0.001,9.251017678529024
23,0.5799810105216381,0.8713658197446593,0.6789234843972611,0.8297184170471842,11,0.07534246575342465,1146,7.8493150684931505,1e-05,0.001,9.35211530700326
24,0.582820816760177,0.8697778409809127,0.6734036713430326,0.8271182141045155,13,0.08904109589041095,1208,8.273972602739725,5e-06,0.0005,9.393313247710466
25,0.5621923233665297,0.8791793072936418,0.6496558213887149,0.8397387113140538,13,0.08904109589041095,1055,7.226027397260274,5e-06,0.0005,9.455564364790916
26,0.5419841209369308,0.8872140058146885,0.6361815341531414,0.8506468797564688,17,0.11643835616438356,1067,7.308219178082192,5e-06,0.0005,9.530367229133844
27,0.5277051133303919,0.8921201491593983,0.6558088423454598,0.8465880263825469,16,0.1095890410958904,1033,7.075342465753424,5e-06,0.0005,9.553156398236752
28,0.5183807983740198,0.8978716344330678,0.6708852052688599,0.8383434804667681,11,0.07534246575342465,1073,7.3493150684931505,5e-06,0.0005,9.455168556421995
29,0.5325625648677552,0.8918831374036152,0.6425014244366999,0.8503932014205987,17,0.11643835616438356,1007,6.897260273972603,5e-06,0.0005,9.484980870038271
30,0.513402791458592,0.8984483630388067,0.6313147471375662,0.8556570268899036,16,0.1095890410958904,997,6.828767123287672,5e-06,0.0005,9.444177087396383
31,0.5204818063628551,0.8955805207938313,0.6381791960703184,0.8538812785388128,16,0.1095890410958904,1059,7.2534246575342465,5e-06,0.0005,9.294905174523592
32,0.5269407587246683,0.8959123372519276,0.6475217824112879,0.8496321664129883,17,0.11643835616438356,939,6.431506849315069,5e-06,0.0005,9.692530520260334
33,0.5065065690478368,0.9014110099860954,0.6347930251735531,0.8528031456113648,17,0.11643835616438356,1008,6.904109589041096,5e-06,0.0005,9.303333010524511
34,0.5215175546476866,0.8960703450891164,0.6310542944359453,0.8558472856418062,10,0.0684931506849315,1002,6.863013698630137,5e-06,0.0005,9.403806168586016
35,0.5215369271743826,0.8944033624067754,0.6416480328938733,0.8480466768138001,17,0.11643835616438356,1014,6.945205479452055,2.5e-06,0.00025,9.443963091820478
36,0.5039207473549826,0.9054718114018455,0.6351126669204399,0.8569888381532217,17,0.11643835616438356,964,6.602739726027397,2.5e-06,0.00025,9.469064887613058
37,0.48729168514342847,0.910061939072178,0.6393405991057827,0.8540081177067479,20,0.136986301369863,953,6.527397260273973,2.5e-06,0.00025,9.509104989469051
38,0.4964870564359854,0.9068780811528252,0.6425889269129871,0.8553399289700659,15,0.10273972602739725,949,6.5,1.25e-06,0.000125,9.550308384001255
