cluster_id,num_reads,used_reads,seed_read_index,seed_len,passes,aligned_reads,rejected_reads,final_len,seed_to_final_edits,weak_positions,coherence_filtered,coherence_threshold,mean_norm_dist,mean_chosen_conf,joint_anomaly,joint_active
1,102,36,43,106,1,36,0,108,0,1,11,0.28,0,1,4.80993,1
2,18,16,13,102,1,16,0,108,0,3,2,0.28,0.172061,0.923608,4.7213,1
3,38,35,2,100,1,35,0,108,5,2,3,0.248742,0.168974,0.91818,6.01463,1
4,91,36,11,101,1,36,0,108,0,1,4,0.28,0,1,4.34841,1
5,104,36,56,106,1,36,0,108,0,1,13,0.178238,0,1,4.68129,1
6,60,36,42,108,1,36,0,108,0,1,3,0.268519,0,1,4.81686,1
7,226,36,190,108,1,36,0,108,0,1,11,0.248248,0,1,4.64397,1
8,104,36,66,107,1,36,0,108,0,1,5,0.26087,0,1,4.52609,1
9,58,36,55,104,1,36,0,108,0,1,1,0.255932,0,1,4.61217,1
10,121,36,2,108,1,36,0,108,0,1,4,0.25,0,1,4.72642,1
11,40,36,4,105,1,36,0,108,0,1,2,0.27384,0,1,4.94573,1
12,220,36,165,108,1,36,0,108,0,1,9,0.252176,0,1,4.55458,1
13,286,36,61,108,1,36,0,108,0,1,9,0.277778,0,1,4.68224,1
14,174,36,118,108,1,36,0,108,0,1,10,0.28,0,1,4.45364,1
15,171,36,7,106,1,36,0,108,0,1,18,0.28,0,1,4.56956,1
16,34,33,10,107,1,33,0,108,0,4,1,0.28,0.150912,0.930565,4.77355,1
17,73,36,46,107,1,36,0,108,0,1,6,0.243585,0,1,4.75131,1
18,82,36,5,105,1,36,0,108,0,1,4,0.254856,0,1,5.34743,1
19,154,36,24,107,1,36,0,108,0,1,4,0.266219,0,1,4.37134,1
20,24,22,14,112,1,22,0,108,2,10,2,0.28,0.183453,0.923312,5.55518,1
21,86,36,15,109,1,36,0,108,0,1,7,0.212684,0,1,4.38509,1
22,157,36,10,109,1,36,0,108,0,1,5,0.230296,0,1,4.60248,1
23,134,36,86,109,1,36,0,108,0,1,3,0.28,0,1,4.48147,1
24,63,36,8,107,1,36,0,108,0,1,1,0.267943,0,1,4.50699,1
25,43,36,21,109,1,36,0,108,0,1,2,0.28,0,1,4.80915,1
26,67,36,10,108,1,36,0,108,0,1,3,0.244244,0,1,4.74385,1
27,84,36,1,108,1,36,0,108,0,1,5,0.245475,0,1,4.76541,1
28,130,36,79,105,1,36,0,108,0,1,8,0.245259,0,1,4.55484,1
29,167,36,50,108,1,36,0,108,0,1,5,0.25,0,1,4.58655,1
30,126,36,67,107,1,36,0,108,0,1,3,0.242991,0,1,4.47177,1
31,28,24,1,107,1,24,0,108,1,8,4,0.28,0.187805,0.924113,5.46912,1
32,126,36,118,107,1,36,0,108,0,1,10,0.247144,0,1,4.78736,1
33,23,22,9,110,1,22,0,108,2,9,1,0.28,0.179236,0.922546,6.00989,1
34,26,24,15,105,1,24,0,108,0,6,2,0.278761,0.178531,0.928792,4.8523,1
35,135,36,57,107,1,36,0,108,0,1,6,0.263317,0,1,4.46286,1
36,87,36,21,107,1,36,0,108,0,1,2,0.217677,0,1,4.59464,1
37,93,36,58,107,1,36,0,108,0,1,6,0.28,0,1,4.50864,1
38,44,36,21,106,1,36,0,108,0,1,2,0.274443,0,1,4.35504,1
39,123,36,61,107,1,36,0,108,0,1,5,0.224728,0,1,4.46237,1
40,25,25,19,108,1,25,0,108,0,7,0,0.28,0.187838,0.915101,4.42179,1
41,162,36,157,108,1,36,0,108,0,1,10,0.243243,0,1,4.73713,1
42,102,36,20,107,1,36,0,108,0,1,8,0.242991,0,1,4.37439,1
43,145,36,11,107,1,36,0,108,0,1,9,0.247704,0,1,4.58571,1
44,211,36,104,108,1,36,0,108,0,1,5,0.255556,0,1,4.61835,1
45,205,36,87,108,1,36,0,108,0,1,3,0.244903,0,1,4.30458,1
46,68,36,57,105,1,36,0,108,0,1,1,0.28,0,1,4.50616,1
47,126,36,82,106,1,36,0,108,0,1,10,0.255929,0,1,4.73168,1
48,143,36,26,106,1,36,0,108,0,1,12,0.28,0,1,4.84869,1
49,180,36,16,109,1,36,0,108,0,1,8,0.222276,0,1,4.53421,1
50,128,36,78,108,1,36,0,108,0,1,3,0.268519,0,1,4.36692,1
51,196,36,29,108,1,36,0,108,0,1,5,0.245455,0,1,4.71762,1
52,16,16,14,105,1,16,0,108,0,1,0,0.24127,0.127382,0.940588,4.90714,1
53,131,36,53,109,1,36,0,108,0,1,8,0.232982,0,1,4.76727,1
54,67,36,22,107,1,36,0,108,0,1,3,0.252336,0,1,4.60164,1
55,114,36,93,109,1,36,0,108,0,1,7,0.238532,0,1,4.48594,1
56,43,36,36,107,1,36,0,108,0,1,3,0.231481,0,1,4.51918,1
57,93,36,91,109,1,36,0,108,0,1,8,0.247706,0,1,4.82968,1
58,157,36,26,108,1,36,0,108,0,1,5,0.24836,0,1,4.47228,1
59,41,36,3,105,1,36,0,108,1,1,2,0.28,0,1,4.88703,1
60,183,36,66,106,1,36,0,108,0,1,4,0.269613,0,1,4.61749,1
61,158,36,8,107,1,36,0,108,0,1,10,0.209981,0,1,4.6469,1
62,59,36,9,105,1,36,0,108,0,1,4,0.258162,0,1,4.94803,1
63,175,36,49,108,1,36,0,108,0,1,9,0.259259,0,1,4.92701,1
64,174,36,15,108,1,36,0,108,0,1,6,0.242023,0,1,4.75922,1
65,211,36,34,106,1,36,0,108,0,1,9,0.278559,0,1,4.67236,1
66,207,36,131,109,1,36,0,108,0,1,3,0.255744,0,1,4.85421,1
67,138,36,27,108,1,36,0,108,0,1,1,0.253196,0,1,4.44129,1
68,146,36,30,105,1,36,0,108,2,1,11,0.28,0,1,4.86697,1
69,299,36,276,108,1,36,0,108,0,1,37,0.28,0,1,4.64716,1
70,30,28,2,100,1,28,0,108,0,6,2,0.28,0.204394,0.92189,4.5796,1
71,17,17,11,106,1,17,0,108,1,8,0,0.28,0.137919,0.939636,5.05611,1
72,222,36,0,108,1,36,0,108,0,1,12,0.28,0,1,4.31249,1
73,110,36,11,106,1,36,0,108,0,1,2,0.245656,0,1,4.52728,1
74,120,36,84,108,1,36,0,108,0,1,3,0.270225,0,1,5.02558,1
75,129,36,33,107,1,36,0,108,0,1,5,0.237808,0,1,4.8403,1
76,100,36,8,106,1,36,0,108,2,1,5,0.243243,0,1,4.90452,1
77,190,36,84,110,1,36,0,108,0,1,8,0.28,0,1,4.35768,1
78,92,36,57,99,1,36,0,108,2,1,2,0.28,0,1,4.63744,1
79,23,20,9,104,1,20,0,108,0,8,3,0.28,0.175966,0.929291,4.76897,1
80,35,35,7,114,1,35,0,108,0,9,0,0.263158,0.18433,0.924813,4.45435,1
81,115,36,55,108,1,36,0,108,0,1,4,0.25976,0,1,4.48067,1
82,162,36,16,108,1,36,0,108,0,1,2,0.27027,0,1,4.54958,1
83,168,36,14,108,1,36,0,108,0,1,9,0.218617,0,1,4.66286,1
84,48,36,17,108,1,36,0,108,0,1,1,0.277778,0,1,4.8742,1
85,177,36,40,108,1,36,0,108,0,1,9,0.245158,0,1,4.91524,1
86,93,36,19,107,1,36,0,108,0,1,5,0.255792,0,1,4.46936,1
87,91,36,53,106,1,36,0,108,0,1,4,0.236868,0,1,4.66101,1
88,125,36,26,108,1,36,0,108,0,1,5,0.257071,0,1,4.76775,1
89,218,36,57,108,1,36,0,108,0,1,15,0.232126,0,1,4.61812,1
90,47,36,14,107,1,36,0,108,0,1,1,0.278948,0,1,5.4298,1
91,83,36,44,106,1,36,0,108,0,1,5,0.259579,0,1,4.70673,1
92,247,36,37,108,1,36,0,108,0,1,8,0.242702,0,1,4.65093,1
93,71,36,11,109,1,36,0,108,0,1,3,0.254807,0,1,4.36896,1
94,147,36,87,108,1,36,0,108,0,1,7,0.222896,0,1,4.65944,1
95,213,36,26,107,1,36,0,108,0,1,12,0.256125,0,1,4.85613,1
96,13,12,9,104,1,12,0,108,0,7,1,0.28,0.162319,0.927622,4.80083,1
97,161,36,106,109,1,36,0,108,0,1,9,0.229358,0,1,4.28431,1
98,69,36,42,104,1,36,0,108,0,1,5,0.230044,0,1,4.81931,1
99,21,21,5,112,1,21,0,108,2,12,0,0.28,0.183592,0.92686,5.25346,1
100,150,36,25,108,1,36,0,108,0,1,3,0.247863,0,1,4.59031,1
101,159,36,38,106,1,36,0,108,0,1,5,0.249691,0,1,4.68978,1
102,188,36,71,111,1,36,0,108,0,1,8,0.254524,0,1,4.42045,1
103,190,36,3,107,1,36,0,108,0,1,13,0.266917,0,1,4.39635,1
104,178,36,33,106,1,36,0,108,0,1,8,0.245587,0,1,4.80656,1
105,188,36,19,109,1,36,0,108,0,1,8,0.256881,0,1,5.14361,1
106,201,36,52,106,1,36,0,108,0,1,6,0.28,0,1,4.79305,1
107,89,36,13,106,1,36,0,108,0,1,6,0.28,0,1,5.04075,1
108,107,36,11,106,1,36,0,108,0,1,5,0.28,0,1,4.72444,1
109,150,36,95,106,1,36,0,108,0,1,13,0.227096,0,1,4.66676,1
110,33,31,2,108,1,31,0,108,0,11,2,0.28,0.183518,0.922458,4.80575,1
111,152,36,26,108,1,36,0,108,0,1,3,0.257508,0,1,4.77916,1
112,173,36,7,107,1,36,0,108,0,1,10,0.220612,0,1,4.46785,1
113,120,36,8,106,1,36,0,108,0,1,5,0.229227,0,1,4.73989,1
114,51,36,13,105,1,36,0,108,0,1,5,0.28,0,1,5.20696,1
115,111,36,107,109,1,36,0,108,0,1,3,0.238938,0,1,4.39273,1
116,73,36,27,108,1,36,0,108,0,1,4,0.268437,0,1,4.50633,1
117,121,36,73,106,1,36,0,108,0,1,2,0.254505,0,1,4.75247,1
118,44,36,35,111,1,36,0,108,0,1,0,0.27027,0,1,5.01764,1
119,141,36,94,109,1,36,0,108,0,1,8,0.249345,0,1,4.77252,1
120,182,36,8,108,1,36,0,108,0,1,9,0.243491,0,1,4.72407,1
121,19,17,17,104,1,17,0,108,4,7,2,0.277939,0.164688,0.924976,5.84461,1
122,155,36,12,108,1,36,0,108,0,1,9,0.25,0,1,4.78998,1
123,173,36,22,108,1,36,0,108,0,1,4,0.28,0,1,4.82625,1
124,59,36,11,105,1,36,0,108,0,1,0,0.28,0,1,4.63536,1
125,137,36,2,108,1,36,0,108,0,1,10,0.28,0,1,4.82233,1
126,95,36,58,106,1,36,0,108,0,1,5,0.222746,0,1,4.56495,1
127,27,26,21,109,1,26,0,108,0,8,1,0.28,0.162109,0.933153,4.76359,1
128,112,36,39,109,1,36,0,108,0,1,4,0.261784,0,1,4.40421,1
129,11,9,7,110,1,9,0,108,6,20,2,0.28,0.189121,0.916777,5.5099,1
130,24,22,18,106,1,22,0,108,2,3,2,0.25,0.130952,0.938628,4.69976,1
131,173,36,162,107,1,36,0,108,0,1,8,0.210068,0,1,4.58893,1
132,138,36,33,106,1,36,0,108,0,1,2,0.253409,0,1,4.27158,1
133,397,36,41,108,1,36,0,108,0,1,22,0.224771,0,1,4.64015,1
134,55,36,27,109,1,36,0,108,0,1,2,0.24032,0,1,4.92431,1
135,22,20,2,103,1,20,0,108,0,2,2,0.277848,0.165192,0.938027,4.86623,1
136,138,36,72,107,1,36,0,108,2,1,5,0.263551,0,1,5.17822,1
137,156,36,142,110,1,36,0,108,0,1,7,0.266667,0,1,4.31271,1
138,231,36,5,108,1,36,0,108,2,1,10,0.242165,0,1,5.14135,1
139,154,36,132,108,1,36,0,108,0,1,7,0.262891,0,1,4.36035,1
140,65,36,5,106,1,36,0,108,0,1,2,0.28,0,1,4.85408,1
141,166,36,35,106,1,36,0,108,0,1,14,0.28,0,1,4.62339,1
142,63,36,36,106,1,36,0,108,0,1,6,0.28,0,1,4.52289,1
143,83,36,56,106,1,36,0,108,0,1,5,0.28,0,1,4.52372,1
144,29,27,28,108,1,27,0,108,0,6,2,0.28,0.176366,0.933675,4.91992,1
145,180,36,31,109,1,36,0,108,0,1,10,0.257796,0,1,4.84984,1
146,108,36,6,108,1,36,0,108,0,1,7,0.25,0,1,4.62179,1
147,94,36,19,104,1,36,0,108,0,1,2,0.26015,0,1,4.75529,1
148,180,36,17,109,1,36,0,108,0,1,9,0.244888,0,1,4.64228,1
149,36,36,10,108,1,36,0,108,2,10,0,0.28,0.178469,0.920812,5.60038,1
150,31,31,9,105,1,31,0,108,0,3,0,0.260261,0.15561,0.933859,4.59456,1
151,54,36,15,106,1,36,0,108,2,1,3,0.275132,0,1,4.84871,1
152,36,35,12,103,1,35,0,108,3,7,1,0.28,0.180069,0.915305,5.34812,1
153,249,36,5,109,1,36,0,108,0,1,11,0.238532,0,1,4.53863,1
154,118,36,18,110,1,36,0,108,0,1,5,0.231941,0,1,4.45377,1
155,46,36,5,110,1,36,0,108,0,1,0,0.28,0,1,4.72798,1
156,77,36,51,104,1,36,0,108,0,1,3,0.28,0,1,4.6207,1
157,230,36,198,108,1,36,0,108,0,1,11,0.26742,0,1,4.62956,1
158,31,31,29,108,1,31,0,108,0,6,0,0.252172,0.156537,0.93881,4.5078,1
159,195,36,132,110,1,36,0,108,0,1,11,0.263547,0,1,4.65184,1
160,37,36,2,109,1,36,0,108,0,4,1,0.256881,0.144285,0.943475,4.77527,1
161,89,36,74,109,1,36,0,108,0,1,2,0.220183,0,1,4.5773,1
162,60,36,38,105,1,36,0,108,0,1,6,0.28,0,1,4.65302,1
163,26,24,6,107,1,24,0,108,0,2,2,0.261404,0.137878,0.939224,4.82328,1
164,89,36,81,106,1,36,0,108,0,1,7,0.217809,0,1,4.67933,1
165,217,36,18,107,1,36,0,108,0,1,8,0.261682,0,1,4.77776,1
166,96,36,66,105,1,36,0,108,0,1,4,0.28,0,1,4.66025,1
167,218,36,119,110,1,36,0,108,0,1,13,0.227273,0,1,4.78783,1
168,198,36,190,108,1,36,0,108,0,1,6,0.223876,0,1,4.19408,1
169,29,27,22,107,1,27,0,108,4,9,2,0.266727,0.183234,0.919794,6.1086,1
170,94,36,75,109,1,36,0,108,0,1,9,0.25146,0,1,4.53522,1
171,121,36,80,109,1,36,0,108,0,1,10,0.247706,0,1,4.71904,1
172,126,36,22,108,1,36,0,108,0,1,6,0.268519,0,1,4.77613,1
173,238,36,67,108,1,36,0,108,0,1,17,0.28,0,1,4.76286,1
174,130,36,129,108,1,36,0,108,0,1,1,0.267677,0,1,4.60955,1
175,102,36,70,108,1,36,0,108,0,1,7,0.225378,0,1,4.67684,1
176,150,36,3,107,1,36,0,108,0,1,7,0.247404,0,1,4.53277,1
177,14,13,2,106,1,13,0,108,0,7,1,0.251376,0.153359,0.9384,4.54479,1
178,114,36,59,107,1,36,0,108,0,1,0,0.271028,0,1,4.65097,1
179,122,36,33,107,1,36,0,108,0,1,7,0.247246,0,1,4.70201,1
180,41,36,16,108,1,36,0,108,0,1,2,0.228283,0,1,4.79328,1
181,68,36,48,103,1,36,0,108,2,1,3,0.248821,0,1,4.96557,1
182,94,36,13,106,1,36,0,108,0,1,0,0.261668,0,1,4.55768,1
183,149,36,24,106,1,36,0,108,0,1,9,0.261039,0,1,4.3594,1
184,104,36,83,106,1,36,0,108,0,1,5,0.262168,0,1,4.63466,1
185,12,12,5,103,1,12,0,108,2,6,0,0.28,0.184436,0.917656,6.16991,1
186,19,18,0,110,1,18,0,108,0,3,1,0.247941,0.155037,0.936247,4.62816,1
187,178,36,104,109,1,36,0,108,0,1,10,0.28,0,1,4.42018,1
188,116,36,22,107,1,36,0,108,0,1,5,0.275063,0,1,4.47529,1
189,295,36,174,108,1,36,0,108,0,1,20,0.265657,0,1,4.55842,1
190,11,11,5,105,1,11,0,108,0,4,0,0.243758,0.159207,0.930393,4.79184,1
191,60,36,25,106,1,36,0,108,0,1,4,0.28,0,1,4.86124,1
192,84,36,64,106,1,36,0,108,0,1,7,0.21793,0,1,4.5936,1
193,123,36,9,107,1,36,0,108,0,1,1,0.242991,0,1,4.45368,1
194,166,36,2,108,1,36,0,108,0,1,9,0.268519,0,1,4.78065,1
195,91,36,14,111,1,36,0,108,0,1,3,0.28,0,1,4.92009,1
196,14,14,5,109,1,14,0,108,4,17,0,0.28,0.199407,0.916653,5.98732,1
197,23,22,7,105,1,22,0,108,0,3,1,0.266667,0.172362,0.933522,4.42588,1
198,168,36,123,108,1,36,0,108,0,1,3,0.255464,0,1,4.76854,1
199,19,18,8,108,1,18,0,108,0,9,1,0.277778,0.164309,0.93073,4.41583,1
200,139,36,43,107,1,36,0,108,0,1,5,0.250403,0,1,4.60272,1
201,173,36,58,106,1,36,0,108,0,1,4,0.27246,0,1,4.19051,1
202,229,36,186,108,1,36,0,108,0,1,14,0.257576,0,1,4.87543,1
203,140,36,103,109,1,36,0,108,0,1,6,0.238532,0,1,4.88124,1
204,118,36,1,108,1,36,0,108,0,1,3,0.249288,0,1,4.92315,1
205,91,36,62,109,1,36,0,108,0,1,6,0.28,0,1,4.53917,1
206,136,36,90,108,1,36,0,108,0,1,2,0.240741,0,1,4.71004,1
207,21,19,7,111,1,19,0,108,0,9,2,0.261261,0.172319,0.932598,4.94097,1
208,139,36,78,107,1,36,0,108,0,1,14,0.22446,0,1,4.55542,1
209,36,33,0,110,1,33,0,108,2,5,3,0.263636,0.170377,0.930805,5.36925,1
210,105,36,8,107,1,36,0,108,0,1,4,0.2506,0,1,4.5696,1
211,102,36,89,105,1,36,0,108,0,1,8,0.264391,0,1,4.29109,1
212,179,36,10,107,1,36,0,108,0,1,16,0.203373,0,1,4.46771,1
213,51,36,49,107,1,36,0,108,0,1,7,0.28,0,1,4.78352,1
214,134,36,1,108,1,36,0,108,0,1,4,0.265657,0,1,4.85576,1
215,41,36,25,108,1,36,0,108,0,1,1,0.28,0,1,4.94743,1
216,149,36,8,109,1,36,0,108,0,1,5,0.212684,0,1,5.00616,1
217,47,36,27,103,1,36,0,108,0,1,2,0.26055,0,1,4.46856,1
218,17,15,13,108,1,15,0,108,0,2,2,0.194444,0.122031,0.946677,4.64769,1
219,90,36,24,109,1,36,0,108,0,1,8,0.261996,0,1,4.61127,1
220,145,36,99,107,1,36,0,108,0,1,7,0.249524,0,1,4.57297,1
221,99,36,9,108,1,36,0,108,0,1,5,0.225225,0,1,4.66684,1
222,192,36,6,109,1,36,0,108,0,1,16,0.28,0,1,4.86824,1
223,148,36,66,109,1,36,0,108,0,1,14,0.233699,0,1,4.71148,1
224,156,36,42,107,1,36,0,108,0,1,8,0.28,0,1,4.41621,1
225,190,36,4,108,1,36,0,108,0,1,9,0.268519,0,1,4.93991,1
226,134,36,17,107,1,36,0,108,0,1,10,0.220612,0,1,4.57904,1
227,112,36,82,110,1,36,0,108,0,1,4,0.263636,0,1,4.78377,1
228,203,36,6,107,1,36,0,108,0,1,3,0.271028,0,1,4.66516,1
229,173,36,12,109,1,36,0,108,0,1,5,0.247869,0,1,4.66609,1
230,93,36,73,109,1,36,0,108,0,1,2,0.274597,0,1,4.44826,1
231,170,36,60,108,1,36,0,108,0,1,9,0.268519,0,1,4.57131,1
232,108,36,86,107,1,36,0,108,0,1,3,0.252048,0,1,4.73839,1
233,93,36,34,108,1,36,0,108,0,1,3,0.232468,0,1,4.92498,1
234,141,36,37,108,1,36,0,108,0,1,10,0.218324,0,1,4.39268,1
235,122,36,61,108,1,36,0,108,0,1,4,0.257937,0,1,4.91441,1
236,73,36,48,107,1,36,0,108,0,1,4,0.24537,0,1,4.65999,1
237,23,22,8,103,1,22,0,108,0,2,1,0.28,0.179266,0.930037,4.78886,1
238,155,36,17,109,1,36,0,108,0,1,10,0.237788,0,1,4.58296,1
239,38,33,6,106,1,33,0,108,0,1,5,0.226758,0.133164,0.941722,4.65854,1
240,161,36,119,108,1,36,0,108,0,1,4,0.278809,0,1,4.72172,1
241,183,36,24,108,1,36,0,108,0,1,12,0.243289,0,1,4.5732,1
242,15,12,12,103,1,12,0,108,0,4,3,0.226597,0.160821,0.934966,4.83318,1
243,7,5,1,106,1,5,0,108,2,4,2,0.245283,0.0987964,0.95629,5.51625,1
244,256,36,52,109,1,36,0,108,0,1,9,0.238532,0,1,4.87913,1
245,131,36,38,108,1,36,0,108,0,1,4,0.2434,0,1,4.60323,1
246,123,36,92,105,1,36,0,108,2,1,6,0.266667,0,1,5.10788,1
247,95,36,22,111,1,36,0,108,0,1,3,0.261261,0,1,4.89636,1
248,78,36,33,104,1,36,0,108,0,1,2,0.28,0,1,4.65272,1
249,109,36,80,102,1,36,0,108,0,1,5,0.259746,0,1,4.55175,1
250,164,36,113,106,1,36,0,108,0,1,7,0.239138,0,1,4.78608,1
251,137,36,24,108,1,36,0,108,0,1,7,0.235043,0,1,4.62842,1
252,97,36,46,110,1,36,0,108,0,1,6,0.245455,0,1,4.57922,1
253,212,36,14,108,1,36,0,108,0,1,9,0.269841,0,1,4.53024,1
254,127,36,75,105,1,36,0,108,0,1,12,0.247619,0,1,4.86412,1
255,122,36,77,108,1,36,0,108,0,1,5,0.249158,0,1,4.53244,1
256,54,36,13,109,1,36,0,108,0,1,2,0.258036,0,1,4.73101,1
257,155,36,84,108,1,36,0,108,0,1,6,0.267677,0,1,4.88226,1
258,121,36,108,106,1,36,0,108,0,1,2,0.261668,0,1,4.52886,1
259,15,11,14,105,1,11,0,108,2,5,4,0.228571,0.152901,0.926951,5.41102,1
260,46,36,17,106,1,36,0,108,0,1,5,0.242662,0,1,4.48244,1
261,167,36,87,105,1,36,0,108,0,1,11,0.238828,0,1,4.91033,1
262,67,36,6,107,1,36,0,108,0,1,3,0.28,0,1,4.55546,1
263,36,35,16,106,1,35,0,108,0,11,1,0.28,0.163904,0.925739,4.74214,1
264,17,15,9,108,1,15,0,108,0,5,2,0.227273,0.133617,0.942064,4.55713,1
265,27,25,18,111,1,25,0,108,2,9,2,0.261498,0.187373,0.922942,5.82091,1
266,219,36,25,108,1,36,0,108,0,1,8,0.259259,0,1,4.50738,1
267,172,36,171,106,1,36,0,108,0,1,12,0.224251,0,1,4.55226,1
268,158,36,22,107,1,36,0,108,0,1,8,0.243803,0,1,4.731,1
269,16,15,9,104,1,15,0,108,0,5,1,0.253055,0.158391,0.926138,4.61512,1
270,199,36,184,106,1,36,0,108,0,1,9,0.264324,0,1,4.50982,1
271,63,36,45,107,1,36,0,108,0,1,4,0.228166,0,1,4.19237,1
272,20,16,9,105,1,16,0,108,0,3,4,0.22402,0.137964,0.939996,4.68724,1
273,189,36,58,108,1,36,0,108,0,1,5,0.277286,0,1,4.92177,1
274,221,36,79,108,1,36,0,108,0,1,10,0.253589,0,1,4.5762,1
275,142,36,88,108,1,36,0,108,0,1,9,0.243243,0,1,4.93688,1
276,20,17,7,111,1,17,0,108,0,7,3,0.234234,0.141114,0.942874,4.77643,1
277,216,36,75,108,1,36,0,108,0,1,9,0.261084,0,1,4.68498,1
278,211,36,145,109,1,36,0,108,2,1,7,0.266055,0,1,4.98344,1
279,97,36,21,108,1,36,0,108,0,1,2,0.240741,0,1,4.72275,1
280,116,36,7,107,1,36,0,108,0,1,4,0.28,0,1,4.39025,1
281,185,36,79,108,1,36,0,108,0,1,12,0.240741,0,1,4.56951,1
282,136,36,127,108,1,36,0,108,0,1,5,0.269808,0,1,4.72711,1
283,194,36,96,108,1,36,0,108,0,1,7,0.234127,0,1,4.42187,1
284,94,36,27,105,1,36,0,108,0,1,1,0.263435,0,1,4.71441,1
285,14,13,6,108,1,13,0,108,0,7,1,0.28,0.146365,0.935994,4.97564,1
286,83,36,42,109,1,36,0,108,0,1,5,0.28,0,1,4.28731,1
287,33,31,28,106,1,31,0,108,4,11,2,0.273585,0.189017,0.911164,5.85816,1
288,122,36,3,107,1,36,0,108,0,1,5,0.252336,0,1,4.61536,1
289,162,36,82,108,1,36,0,108,0,1,2,0.28,0,1,4.56576,1
290,224,36,209,108,1,36,0,108,0,1,19,0.28,0,1,4.57751,1
291,4,4,2,109,1,4,0,108,7,12,0,1,0.160133,0.933186,6.09045,1
292,23,21,5,105,1,21,0,108,0,12,2,0.28,0.189018,0.918855,4.82975,1
293,163,36,120,108,1,36,0,108,0,1,9,0.239418,0,1,4.40092,1
294,136,36,30,111,1,36,0,108,0,1,6,0.242685,0,1,4.73766,1
295,191,36,140,106,1,36,0,108,0,1,16,0.194949,0,1,4.59028,1
296,39,36,9,106,1,36,0,108,2,6,1,0.28,0.162699,0.927669,5.75236,1
297,137,36,135,105,1,36,0,108,0,1,6,0.256913,0,1,4.73941,1
298,93,36,11,109,1,36,0,108,0,1,4,0.247544,0,1,5.00697,1
299,116,36,90,107,1,36,0,108,0,1,5,0.22807,0,1,4.70803,1
300,27,25,0,107,1,25,0,108,0,7,2,0.28,0.181556,0.92287,4.7179,1
301,423,36,22,108,1,36,0,108,0,1,18,0.279915,0,1,4.58724,1
302,57,36,39,106,1,36,0,108,0,1,3,0.223522,0,1,4.55788,1
303,103,36,84,106,1,36,0,108,0,1,4,0.248277,0,1,4.57315,1
304,200,36,29,108,1,36,0,108,0,1,6,0.261029,0,1,4.67056,1
305,84,36,72,105,1,36,0,108,0,1,2,0.28,0,1,4.56906,1
306,86,36,49,108,1,36,0,108,0,1,2,0.257071,0,1,4.60338,1
307,19,19,1,110,1,19,0,108,0,6,0,0.236364,0.145241,0.93699,4.43599,1
308,114,36,105,109,1,36,0,108,0,1,9,0.260884,0,1,4.98953,1
309,180,36,37,108,1,36,0,108,0,1,3,0.222222,0,1,4.68597,1
310,101,36,82,107,1,36,0,108,0,1,11,0.198485,0,1,4.47843,1
311,95,36,74,106,1,36,0,108,0,1,3,0.28,0,1,4.59962,1
312,16,15,12,105,1,15,0,108,7,13,1,0.28,0.218949,0.902837,5.8256,1
313,23,21,1,109,1,21,0,108,2,8,2,0.229047,0.16131,0.932685,6.01679,1
314,47,36,11,105,1,36,0,108,2,1,3,0.261723,0,1,5.31272,1
315,180,36,88,109,1,36,0,108,2,1,18,0.28,0,1,5.19966,1
316,33,32,3,106,1,32,0,108,0,5,1,0.258861,0.154595,0.929489,4.53961,1
317,43,36,22,108,1,36,0,108,0,1,5,0.270507,0,1,4.66539,1
318,10,8,8,102,1,8,0,108,4,5,2,0.28,0.168435,0.928941,5.65645,1
319,130,36,19,108,1,36,0,108,0,1,5,0.246032,0,1,4.73607,1
320,105,36,44,110,1,36,0,108,0,1,7,0.23083,0,1,4.54725,1
321,121,36,101,111,1,36,0,108,0,1,4,0.279279,0,1,4.633,1
322,31,28,3,110,1,28,0,108,0,6,3,0.27764,0.168042,0.92524,4.8596,1
323,51,36,35,104,1,36,0,108,0,1,0,0.251941,0,1,4.63013,1
324,31,28,21,106,1,28,0,108,0,3,3,0.259691,0.155563,0.935346,4.55264,1
325,69,36,5,108,1,36,0,108,0,1,4,0.260234,0,1,4.65782,1
326,129,36,7,108,1,36,0,108,0,1,8,0.253196,0,1,4.86633,1
327,45,36,34,105,1,36,0,108,0,1,2,0.221909,0,1,4.79926,1
328,15,15,5,109,1,15,0,108,2,6,0,0.266055,0.150032,0.931644,5.29942,1
329,12,12,0,106,1,12,0,108,0,2,0,0.247928,0.122042,0.944612,4.94585,1
330,115,36,66,110,1,36,0,108,0,1,5,0.239921,0,1,4.75003,1
331,207,36,177,108,1,36,0,108,0,1,1,0.227064,0,1,4.74085,1
332,77,36,68,109,1,36,0,108,0,1,7,0.201835,0,1,4.60453,1
333,27,25,26,109,1,25,0,108,0,4,2,0.21789,0.118254,0.947101,4.8319,1
334,231,36,161,108,1,36,0,108,0,1,5,0.245158,0,1,4.54866,1
335,225,36,34,108,1,36,0,108,0,1,6,0.25,0,1,4.52754,1
336,211,36,129,108,1,36,0,108,0,1,7,0.238417,0,1,4.48717,1
337,93,36,10,105,1,36,0,108,0,1,3,0.249158,0,1,4.748,1
338,206,36,81,108,1,36,0,108,0,1,12,0.275253,0,1,5.02563,1
339,95,36,39,104,1,36,0,108,0,1,2,0.249012,0,1,4.19427,1
340,105,36,93,109,1,36,0,108,0,1,2,0.229358,0,1,4.44544,1
341,32,30,22,106,1,30,0,108,2,9,2,0.276068,0.20225,0.909453,6.19788,1
342,148,36,75,109,1,36,0,108,0,1,10,0.245614,0,1,4.87237,1
343,113,36,50,109,1,36,0,108,0,1,3,0.266055,0,1,4.56244,1
344,23,23,13,109,1,23,0,108,2,8,0,0.272998,0.15949,0.929998,5.8824,1
345,194,36,13,107,1,36,0,108,0,1,10,0.220762,0,1,4.84694,1
346,131,36,99,109,1,36,0,108,0,1,4,0.248026,0,1,4.9205,1
347,35,28,33,104,1,28,0,108,0,5,7,0.233929,0.171993,0.931203,4.57524,1
348,81,36,36,106,1,36,0,108,0,1,2,0.240346,0,1,4.72646,1
349,11,9,2,108,1,9,0,108,2,8,2,0.28,0.179243,0.925475,5.17583,1
350,137,36,20,107,1,36,0,108,0,1,7,0.234465,0,1,4.83442,1
351,149,36,113,108,1,36,0,108,0,1,7,0.251251,0,1,4.79975,1
352,87,36,1,106,1,36,0,108,0,1,5,0.260829,0,1,4.79669,1
353,103,36,28,111,1,36,0,108,0,1,10,0.237651,0,1,4.93749,1
354,15,11,0,109,1,11,0,108,4,12,4,0.28,0.200156,0.907215,6.25743,1
355,113,36,52,104,1,36,0,108,0,1,2,0.28,0,1,4.9386,1
356,143,36,128,108,1,36,0,108,0,1,10,0.215766,0,1,5.01192,1
357,41,36,10,108,1,36,0,108,0,1,0,0.28,0,1,4.76508,1
358,165,36,32,107,1,36,0,108,0,1,8,0.233731,0,1,4.28878,1
359,22,19,1,103,1,19,0,108,8,10,3,0.28,0.183541,0.915192,6.11222,1
360,124,36,77,109,1,36,0,108,0,1,3,0.269308,0,1,4.74259,1
361,68,36,13,105,1,36,0,108,0,1,3,0.28,0,1,4.7552,1
362,99,36,70,108,1,36,0,108,0,1,4,0.27029,0,1,5.16858,1
363,40,36,19,107,1,36,0,108,2,1,2,0.248127,0,1,5.80219,1
364,173,36,13,107,1,36,0,108,0,1,8,0.25,0,1,4.6354,1
365,125,36,19,112,1,36,0,108,0,1,9,0.26717,0,1,4.51381,1
366,179,36,158,106,1,36,0,108,0,1,15,0.222709,0,1,4.84679,1
367,112,36,0,109,1,36,0,108,0,1,5,0.240093,0,1,4.49259,1
368,93,36,57,108,1,36,0,108,0,1,5,0.237602,0,1,4.79657,1
369,136,36,128,109,1,36,0,108,0,1,5,0.26613,0,1,4.42864,1
370,39,36,25,107,1,36,0,108,0,5,2,0.249249,0.148257,0.935706,4.8709,1
371,99,36,15,106,1,36,0,108,0,1,16,0.28,0,1,4.69679,1
372,188,36,4,108,1,36,0,108,0,1,12,0.235736,0,1,4.87184,1
373,48,36,12,107,1,36,0,108,0,1,1,0.254441,0,1,4.68312,1
374,152,36,64,107,1,36,0,108,0,1,2,0.233245,0,1,4.72552,1
375,245,36,16,108,1,36,0,108,0,1,16,0.244017,0,1,4.9836,1
376,107,36,55,107,1,36,0,108,0,1,4,0.246963,0,1,4.50859,1
377,170,36,38,108,1,36,0,108,0,1,10,0.28,0,1,4.32489,1
378,128,36,41,107,1,36,0,108,0,1,8,0.261682,0,1,4.61468,1
379,103,36,11,105,1,36,0,108,0,1,7,0.28,0,1,4.80079,1
380,145,36,57,109,1,36,0,108,0,1,8,0.261261,0,1,4.74169,1
381,170,36,9,108,1,36,0,108,0,1,5,0.256027,0,1,4.81096,1
382,138,36,14,106,1,36,0,108,0,1,6,0.245283,0,1,4.97856,1
383,130,36,44,106,1,36,0,108,0,1,6,0.241241,0,1,4.71403,1
384,92,36,1,106,1,36,0,108,0,1,6,0.28,0,1,4.66276,1
385,50,36,40,109,1,36,0,108,0,1,3,0.266667,0,1,4.70806,1
386,182,36,110,108,1,36,0,108,0,1,11,0.243289,0,1,4.63212,1
387,78,36,52,107,1,36,0,108,0,1,10,0.218391,0,1,4.74112,1
388,21,19,4,103,1,19,0,108,9,11,2,0.28,0.183964,0.913916,5.87008,1
389,38,36,25,109,1,36,0,108,0,7,2,0.28,0.183977,0.925593,4.30748,1
390,139,36,20,109,1,36,0,108,0,1,4,0.229926,0,1,5.04019,1
391,201,36,191,106,1,36,0,108,0,1,12,0.234205,0,1,4.62895,1
392,152,36,94,107,1,36,0,108,0,1,6,0.253566,0,1,4.3903,1
393,33,32,2,107,1,32,0,108,3,9,1,0.272727,0.161757,0.924766,5.31194,1
394,228,36,15,108,1,36,0,108,0,1,12,0.256881,0,1,4.68529,1
395,134,36,22,108,1,36,0,108,0,1,7,0.222134,0,1,4.62624,1
396,148,36,123,106,1,36,0,108,0,1,13,0.23397,0,1,5.20582,1
397,35,34,18,108,1,34,0,108,0,7,1,0.28,0.175774,0.927126,4.92115,1
398,126,36,18,107,1,36,0,108,0,1,8,0.228221,0,1,4.47788,1
399,137,36,73,108,1,36,0,108,0,1,7,0.274235,0,1,4.69983,1
400,14,11,0,105,1,11,0,108,0,5,3,0.28,0.158914,0.932119,4.54096,1
401,164,36,66,109,1,36,0,108,0,1,4,0.28,0,1,4.73111,1
402,186,36,178,108,1,36,0,108,0,1,6,0.254162,0,1,4.51018,1
403,62,36,3,107,1,36,0,108,0,1,3,0.267356,0,1,4.6835,1
404,122,36,70,110,1,36,0,108,0,1,6,0.263636,0,1,4.63233,1
405,19,15,5,113,1,15,0,108,0,7,4,0.20354,0.14092,0.946088,4.62202,1
406,88,36,42,108,1,36,0,108,0,1,2,0.268519,0,1,4.76171,1
407,73,36,17,109,1,36,0,108,0,1,4,0.214964,0,1,4.88996,1
408,151,36,86,108,1,36,0,108,0,1,4,0.260816,0,1,4.66905,1
409,65,36,32,107,1,36,0,108,0,1,5,0.252336,0,1,4.47119,1
410,93,36,52,110,1,36,0,108,2,1,3,0.254545,0,1,4.77453,1
411,154,36,23,108,1,36,0,108,0,1,8,0.213624,0,1,4.67188,1
412,126,36,30,108,1,36,0,108,0,1,6,0.263533,0,1,4.81572,1
413,174,36,117,107,1,36,0,108,0,1,6,0.267856,0,1,4.64367,1
414,149,36,81,107,1,36,0,108,0,1,3,0.252874,0,1,4.74756,1
415,121,36,48,108,1,36,0,108,0,1,8,0.28,0,1,4.87813,1
416,129,36,105,107,1,36,0,108,0,1,7,0.245942,0,1,4.78941,1
417,116,36,9,109,1,36,0,108,0,1,7,0.251543,0,1,4.55602,1
418,46,36,16,106,1,36,0,108,0,1,7,0.226415,0,1,4.60532,1
419,207,36,89,107,1,36,0,108,0,1,5,0.266635,0,1,4.84026,1
420,233,36,152,108,1,36,0,108,0,1,10,0.244378,0,1,4.67062,1
421,25,24,6,107,1,24,0,108,0,10,1,0.263833,0.162614,0.930312,4.2967,1
422,142,36,103,108,1,36,0,108,0,1,3,0.252213,0,1,4.95718,1
423,22,21,19,105,1,21,0,108,2,5,1,0.28,0.17657,0.924263,5.09858,1
424,77,36,65,104,1,36,0,108,0,1,1,0.28,0,1,4.83773,1
425,121,36,113,109,1,36,0,108,0,1,4,0.274988,0,1,4.61597,1
426,19,16,6,107,1,16,0,108,0,5,3,0.277286,0.154847,0.932102,4.90501,1
427,228,36,225,108,1,36,0,108,0,1,13,0.244378,0,1,4.79824,1
428,187,36,48,108,1,36,0,108,0,1,10,0.247076,0,1,4.77911,1
429,195,36,31,108,1,36,0,108,0,1,9,0.247811,0,1,4.80089,1
430,149,36,108,106,1,36,0,108,0,1,12,0.235763,0,1,4.47868,1
431,14,11,8,106,1,11,0,108,0,4,3,0.204092,0.119725,0.954945,4.86748,1
432,13,13,2,106,1,13,0,108,2,8,0,0.274383,0.160593,0.92721,5.53939,1
433,106,36,61,104,1,36,0,108,0,1,5,0.254933,0,1,4.68129,1
434,190,36,134,108,1,36,0,108,0,1,7,0.256061,0,1,4.52374,1
435,83,36,58,107,1,36,0,108,0,1,4,0.221778,0,1,4.55817,1
436,208,36,40,107,1,36,0,108,0,1,5,0.224899,0,1,4.75179,1
437,200,36,13,108,1,36,0,108,0,1,8,0.255148,0,1,4.56595,1
438,17,15,10,107,1,15,0,108,0,2,2,0.194525,0.116246,0.947726,4.655,1
439,206,36,119,107,1,36,0,108,0,1,10,0.28,0,1,4.6878,1
440,199,36,66,108,1,36,0,108,0,1,7,0.23165,0,1,4.55146,1
441,88,36,7,108,1,36,0,108,0,1,4,0.28,0,1,4.95176,1
442,47,36,30,104,1,36,0,108,0,1,3,0.254471,0,1,4.75722,1
443,124,36,47,107,1,36,0,108,0,1,12,0.238318,0,1,4.75378,1
444,195,36,46,108,1,36,0,108,0,1,5,0.277778,0,1,4.71142,1
445,151,36,114,108,1,36,0,108,0,1,5,0.271831,0,1,4.72194,1
446,128,36,87,109,1,36,0,108,0,1,6,0.229606,0,1,4.68049,1
447,48,36,1,104,1,36,0,108,0,1,3,0.253672,0,1,4.61952,1
448,185,36,106,109,1,36,0,108,0,1,5,0.238532,0,1,4.53229,1
449,178,36,81,108,1,36,0,108,0,1,11,0.246807,0,1,4.56436,1
450,127,36,23,108,1,36,0,108,0,1,5,0.28,0,1,4.56483,1
451,142,36,0,108,1,36,0,108,0,1,2,0.251947,0,1,4.82809,1
452,218,36,117,106,1,36,0,108,0,1,9,0.249228,0,1,4.72242,1
453,19,17,10,109,1,17,0,108,0,9,2,0.225623,0.144094,0.936452,4.92077,1
454,97,36,78,110,1,36,0,108,0,1,6,0.259684,0,1,4.9355,1
455,119,36,116,107,1,36,0,108,0,1,3,0.247076,0,1,4.8203,1
456,16,16,15,106,1,16,0,108,2,7,0,0.254717,0.159681,0.932053,5.46812,1
457,114,36,65,109,1,36,0,108,0,1,4,0.266055,0,1,4.73804,1
458,101,36,5,108,1,36,0,108,0,1,4,0.233676,0,1,4.66985,1
459,36,36,0,106,1,36,0,108,0,4,0,0.28,0.158266,0.931452,4.69768,1
460,173,36,76,108,1,36,0,108,0,1,7,0.242543,0,1,4.50105,1
461,56,36,3,108,1,36,0,108,0,1,6,0.243243,0,1,4.75779,1
462,66,36,30,109,1,36,0,108,0,1,2,0.256881,0,1,4.75635,1
463,165,36,107,107,1,36,0,108,0,1,15,0.260514,0,1,4.71581,1
464,179,36,137,108,1,36,0,108,0,1,6,0.268519,0,1,4.52356,1
465,107,36,29,107,1,36,0,108,0,1,3,0.24537,0,1,4.80827,1
466,54,36,37,109,1,36,0,108,0,1,3,0.248157,0,1,4.48342,1
467,40,35,15,107,1,35,0,108,0,1,5,0.228347,0,1,4.5528,1
468,72,36,27,106,1,36,0,108,0,1,2,0.266216,0,1,4.88334,1
469,183,36,87,107,1,36,0,108,0,1,7,0.257176,0,1,4.65808,1
470,161,36,127,109,1,36,0,108,0,1,9,0.263636,0,1,4.86606,1
471,118,36,7,107,1,36,0,108,0,1,3,0.261171,0,1,4.8406,1
472,193,36,11,108,1,36,0,108,2,1,7,0.254671,0,1,5.1345,1
473,81,36,46,110,1,36,0,108,0,1,9,0.237993,0,1,4.74444,1
474,13,11,0,104,1,11,0,108,8,5,2,0.28,0.194013,0.907995,6.01017,1
475,110,36,25,108,1,36,0,108,0,1,5,0.271021,0,1,4.69513,1
476,173,36,136,108,1,36,0,108,0,1,7,0.28,0,1,4.39731,1
477,74,36,2,108,1,36,0,108,0,1,3,0.232738,0,1,4.3758,1
478,36,35,20,105,1,35,0,108,6,8,1,0.28,0.169156,0.928555,5.43355,1
479,78,36,51,105,1,36,0,108,0,1,4,0.264753,0,1,4.56024,1
480,58,36,10,111,1,36,0,108,0,1,1,0.279279,0,1,4.61564,1
481,152,36,17,108,1,36,0,108,0,1,10,0.231481,0,1,4.46336,1
482,226,36,37,108,1,36,0,108,0,1,16,0.215766,0,1,4.57026,1
483,94,36,8,106,1,36,0,108,2,1,2,0.254717,0,1,4.81973,1
484,125,36,85,108,1,36,0,108,0,1,13,0.28,0,1,4.79615,1
485,149,36,47,106,1,36,0,108,0,1,9,0.22555,0,1,4.84158,1
486,189,36,23,108,1,36,0,108,0,1,14,0.267544,0,1,4.73025,1
487,149,36,89,111,1,36,0,108,0,1,6,0.261261,0,1,4.67366,1
488,156,36,41,108,1,36,0,108,0,1,6,0.255051,0,1,4.6374,1
489,23,23,10,107,1,23,0,108,0,5,0,0.262022,0.167761,0.932336,4.68844,1
490,172,36,164,108,1,36,0,108,0,1,7,0.24746,0,1,4.65234,1
491,10,8,9,109,1,8,0,108,3,11,2,0.28,0.172671,0.921502,4.9354,1
492,178,36,139,108,1,36,0,108,0,1,13,0.243629,0,1,4.51335,1
493,80,36,70,105,1,36,0,108,0,1,2,0.269074,0,1,4.79249,1
494,190,36,81,109,1,36,0,108,0,1,7,0.266055,0,1,4.90815,1
495,123,36,16,109,1,36,0,108,2,1,3,0.28,0,1,4.92291,1
496,105,36,34,107,1,36,0,108,0,1,7,0.226895,0,1,4.60848,1
497,35,33,15,108,1,33,0,108,0,2,2,0.250921,0.145469,0.938884,4.82739,1
498,100,36,68,105,1,36,0,108,0,1,6,0.27619,0,1,4.51899,1
499,92,36,87,108,1,36,0,108,0,1,5,0.231313,0,1,4.39943,1
500,49,36,38,104,1,36,0,108,0,1,5,0.246258,0,1,4.78164,1
501,135,36,68,108,1,36,0,108,0,1,8,0.259883,0,1,4.76002,1
502,109,36,82,109,1,36,0,108,0,1,6,0.250294,0,1,4.5872,1
503,181,36,115,108,1,36,0,108,0,1,4,0.254671,0,1,4.88815,1
504,164,36,121,106,1,36,0,108,0,1,8,0.236707,0,1,4.43334,1
505,61,36,34,108,1,36,0,108,0,1,2,0.28,0,1,4.9054,1
506,134,36,128,107,1,36,0,108,0,1,4,0.28,0,1,4.57006,1
507,10,9,4,100,1,9,0,108,5,11,1,0.28,0.212162,0.896356,5.90032,1
508,73,36,17,109,1,36,0,108,0,1,8,0.256881,0,1,4.84281,1
509,40,36,2,102,1,36,0,108,0,1,4,0.28,0,1,4.79052,1
510,152,36,25,107,1,36,0,108,0,1,5,0.26119,0,1,4.66609,1
511,20,18,7,107,1,18,0,108,0,4,2,0.228717,0.118097,0.946361,4.50226,1
512,200,36,186,108,1,36,0,108,0,1,3,0.259259,0,1,4.53544,1
513,113,36,86,104,1,36,0,108,0,1,5,0.254386,0,1,5.00735,1
514,191,36,18,108,1,36,0,108,0,1,5,0.28,0,1,4.46145,1
515,128,36,94,104,1,36,0,108,0,1,3,0.28,0,1,4.35909,1
516,72,36,1,107,1,36,0,108,0,1,1,0.263017,0,1,4.36473,1
517,168,36,126,111,1,36,0,108,0,1,6,0.253016,0,1,4.60172,1
518,20,19,1,110,1,19,0,108,0,5,1,0.28,0.163781,0.935561,4.65443,1
519,16,16,6,103,1,16,0,108,2,4,0,0.28,0.156331,0.93129,4.84759,1
520,228,36,168,108,1,36,0,108,0,1,9,0.263636,0,1,4.4361,1
521,114,36,88,109,1,36,0,108,0,1,7,0.254545,0,1,4.83734,1
522,11,11,0,108,1,11,0,108,2,7,0,0.28,0.186629,0.916403,5.42552,1
523,136,36,9,108,1,36,0,108,0,1,9,0.28,0,1,4.77952,1
524,37,35,7,107,1,35,0,108,0,4,2,0.268027,0.151014,0.937193,4.90229,1
525,20,19,18,105,1,19,0,108,0,6,1,0.249389,0.15489,0.933256,4.89512,1
526,122,36,27,106,1,36,0,108,0,1,1,0.257878,0,1,4.94728,1
527,135,36,42,108,1,36,0,108,0,1,12,0.24309,0,1,4.43642,1
528,206,36,153,108,1,36,0,108,2,1,8,0.239899,0,1,4.86602,1
529,156,36,128,107,1,36,0,108,0,1,7,0.220612,0,1,4.73086,1
530,34,33,15,109,1,33,0,108,0,6,1,0.28,0.137674,0.937647,5.02607,1
531,36,34,30,112,1,34,0,108,2,15,2,0.28,0.186011,0.921358,5.42238,1
532,102,36,60,107,1,36,0,108,0,1,9,0.236423,0,1,4.56575,1
533,109,36,108,106,1,36,0,108,0,1,5,0.245283,0,1,4.94425,1
534,65,36,2,106,1,36,0,108,0,1,5,0.205607,0,1,4.52642,1
535,31,26,21,102,1,26,0,108,1,7,5,0.28,0.207636,0.92053,5.57047,1
536,155,36,27,110,1,36,0,108,0,1,5,0.249384,0,1,4.65978,1
537,54,36,45,104,1,36,0,108,0,1,1,0.279475,0,1,4.78481,1
538,111,36,11,108,1,36,0,108,0,1,7,0.243629,0,1,4.54218,1
539,204,36,109,109,1,36,0,108,0,1,11,0.245259,0,1,4.47077,1
540,226,36,126,109,1,36,0,108,0,1,14,0.253823,0,1,4.48586,1
541,131,36,17,107,1,36,0,108,0,1,6,0.250637,0,1,5.08479,1
542,63,36,37,105,1,36,0,108,0,1,4,0.28,0,1,4.91539,1
543,534,36,125,108,1,36,0,108,0,1,25,0.28,0,1,4.41607,1
544,74,36,4,108,1,36,0,108,0,1,1,0.242066,0,1,4.51114,1
545,200,36,4,108,1,36,0,108,0,1,10,0.231481,0,1,4.8856,1
546,102,36,72,108,1,36,0,108,0,1,3,0.25,0,1,4.76332,1
547,31,29,3,104,1,29,0,108,0,5,2,0.28,0.172421,0.923181,4.85362,1
548,12,12,9,108,1,12,0,108,0,5,0,0.277817,0.15602,0.939109,4.60436,1
549,224,36,51,108,1,36,0,108,0,1,14,0.247863,0,1,4.57875,1
550,106,36,63,109,1,36,0,108,0,1,3,0.258423,0,1,4.69509,1
551,60,36,7,108,1,36,0,108,0,1,4,0.236364,0,1,4.79308,1
552,169,36,111,107,1,36,0,108,0,1,6,0.260053,0,1,4.56938,1
553,66,36,36,106,1,36,0,108,2,1,1,0.28,0,1,5.15084,1
554,22,20,0,111,1,20,0,108,4,12,2,0.28,0.175373,0.927445,5.46761,1
555,67,36,58,107,1,36,0,108,0,1,6,0.242991,0,1,4.64568,1
556,82,36,28,108,1,36,0,108,0,1,3,0.268519,0,1,4.98785,1
557,123,36,89,107,1,36,0,108,0,1,6,0.214953,0,1,4.8059,1
558,87,36,77,104,1,36,0,108,4,1,4,0.278846,0,1,5.29,1
559,32,30,19,111,1,30,0,108,0,8,2,0.255542,0.163375,0.934733,4.86474,1
560,123,36,90,106,1,36,0,108,0,1,4,0.226415,0,1,4.54791,1
561,100,36,10,109,1,36,0,108,0,1,2,0.242702,0,1,4.62504,1
562,66,36,60,110,1,36,0,108,0,1,4,0.242295,0,1,4.44303,1
563,28,27,20,107,1,27,0,108,0,4,1,0.28,0.155868,0.933747,4.86925,1
564,133,36,56,112,1,36,0,108,0,1,5,0.25,0,1,4.58404,1
565,45,36,27,107,1,36,0,108,0,1,2,0.252176,0,1,4.45995,1
566,201,36,174,108,1,36,0,108,0,1,9,0.226483,0,1,4.63091,1
567,36,34,34,107,1,34,0,108,0,6,2,0.277582,0.167227,0.927681,5.00363,1
568,45,36,21,105,1,36,0,108,0,1,3,0.238095,0,1,4.97485,1
569,125,36,30,107,1,36,0,108,0,1,5,0.224299,0,1,4.68261,1
570,233,36,123,108,1,36,0,108,0,1,10,0.246465,0,1,4.65004,1
571,146,36,0,104,1,36,0,108,0,1,4,0.252079,0,1,4.50672,1
572,57,36,10,109,1,36,0,108,0,1,2,0.266055,0,1,5.16669,1
573,88,36,31,108,1,36,0,108,2,1,2,0.27783,0,1,5.21919,1
574,93,36,20,110,1,36,0,108,0,1,2,0.271591,0,1,4.3413,1
575,182,36,45,107,1,36,0,108,0,1,5,0.238145,0,1,4.44416,1
576,169,36,31,106,1,36,0,108,0,1,10,0.238765,0,1,4.4919,1
577,102,36,1,109,1,36,0,108,0,1,2,0.258651,0,1,4.83725,1
578,174,36,1,109,1,36,0,108,2,1,6,0.238532,0,1,4.70923,1
579,96,36,49,107,1,36,0,108,0,1,4,0.225104,0,1,4.54457,1
580,133,36,50,106,1,36,0,108,0,1,3,0.272911,0,1,4.68163,1
581,259,36,121,107,1,36,0,108,0,1,14,0.232759,0,1,4.77749,1
582,207,36,23,108,1,36,0,108,0,1,16,0.237517,0,1,4.54029,1
583,88,36,79,110,1,36,0,108,0,1,5,0.279447,0,1,4.48997,1
584,104,36,91,105,1,36,0,108,0,1,5,0.221429,0,1,4.75744,1
585,88,36,25,107,1,36,0,108,0,1,5,0.253419,0,1,4.97784,1
586,146,36,19,108,1,36,0,108,0,1,5,0.28,0,1,4.75038,1
587,70,36,56,108,1,36,0,108,0,1,3,0.28,0,1,4.71307,1
588,136,36,15,107,1,36,0,108,0,1,2,0.28,0,1,4.728,1
589,245,36,75,108,1,36,0,108,0,1,11,0.245158,0,1,4.67444,1
590,123,36,81,108,1,36,0,108,0,1,10,0.265657,0,1,4.65358,1
591,125,36,59,109,1,36,0,108,0,1,4,0.266055,0,1,4.50855,1
592,128,36,11,108,1,36,0,108,0,1,4,0.248505,0,1,4.66612,1
593,199,36,113,109,1,36,0,108,0,1,16,0.245475,0,1,4.81554,1
594,128,36,42,109,1,36,0,108,0,1,4,0.256881,0,1,4.41871,1
595,146,36,132,108,1,36,0,108,0,1,4,0.236869,0,1,4.44504,1
596,141,36,67,108,1,36,0,108,0,1,3,0.26464,0,1,4.61381,1
597,139,36,2,107,1,36,0,108,0,1,2,0.276738,0,1,4.41999,1
598,120,36,62,107,1,36,0,108,0,1,1,0.271028,0,1,4.63002,1
599,75,36,18,108,1,36,0,108,0,1,11,0.218652,0,1,4.53992,1
600,271,36,96,108,1,36,0,108,0,1,10,0.253823,0,1,4.75775,1
601,128,36,37,107,1,36,0,108,0,1,3,0.28,0,1,4.71228,1
602,33,29,0,107,1,29,0,108,0,4,4,0.225658,0.145445,0.937833,4.98365,1
603,101,36,51,105,1,36,0,108,0,1,6,0.228732,0,1,4.49388,1
604,32,29,0,107,1,29,0,108,3,7,3,0.28,0.155307,0.934305,5.47628,1
605,25,22,0,105,1,22,0,108,0,4,3,0.249389,0.156005,0.934598,4.73263,1
606,99,36,67,107,1,36,0,108,0,1,3,0.277286,0,1,4.29781,1
607,200,36,37,108,1,36,0,108,0,1,12,0.268519,0,1,4.74165,1
608,23,22,11,106,1,22,0,108,0,4,1,0.28,0.170401,0.927097,4.70759,1
609,105,36,18,111,1,36,0,108,0,1,5,0.234155,0,1,4.92216,1
610,91,36,10,106,1,36,0,108,2,1,9,0.222599,0,1,4.75698,1
611,128,36,30,106,1,36,0,108,0,1,7,0.252528,0,1,4.62476,1
612,108,36,24,107,1,36,0,108,0,1,3,0.245587,0,1,4.67075,1
613,19,16,9,110,1,16,0,108,2,5,3,0.224506,0.148196,0.933379,5.55374,1
614,79,36,48,107,1,36,0,108,0,1,1,0.256144,0,1,4.93574,1
615,174,36,156,109,1,36,0,108,2,1,5,0.269851,0,1,5.11473,1
616,261,36,187,108,1,36,0,108,0,1,16,0.264749,0,1,4.86051,1
617,106,36,71,108,1,36,0,108,0,1,5,0.264881,0,1,4.95301,1
618,107,36,73,106,1,36,0,108,0,1,3,0.254717,0,1,4.52521,1
619,91,36,29,108,1,36,0,108,0,1,9,0.211211,0,1,4.61009,1
620,97,36,54,107,1,36,0,108,0,1,7,0.255663,0,1,4.72429,1
621,278,36,143,109,1,36,0,108,0,1,13,0.28,0,1,4.6282,1
622,128,36,108,108,1,36,0,108,0,1,5,0.26742,0,1,4.71195,1
623,130,36,85,108,1,36,0,108,0,1,6,0.25,0,1,4.64623,1
624,40,36,15,106,1,36,0,108,2,1,3,0.226647,0,1,4.85188,1
625,259,36,98,108,1,36,0,108,0,1,17,0.231231,0,1,4.57461,1
626,182,36,148,108,1,36,0,108,0,1,9,0.257071,0,1,4.64919,1
627,27,24,11,107,1,24,0,108,2,13,3,0.28,0.212004,0.917717,5.61032,1
628,46,36,7,110,1,36,0,108,0,1,0,0.254545,0,1,4.71468,1
629,128,36,87,109,1,36,0,108,0,1,8,0.28,0,1,4.46076,1
630,18,16,10,102,1,16,0,108,0,2,2,0.238095,0.148621,0.934585,4.99233,1
631,171,36,3,109,1,36,0,108,0,1,8,0.224771,0,1,4.53683,1
632,14,13,1,104,1,13,0,108,2,10,1,0.28,0.180775,0.921037,5.52901,1
633,129,36,40,108,1,36,0,108,0,1,10,0.28,0,1,4.79373,1
634,96,36,12,107,1,36,0,108,0,1,6,0.231875,0,1,4.62953,1
635,93,36,49,107,1,36,0,108,0,1,1,0.28,0,1,4.41274,1
636,31,31,1,105,1,31,0,108,0,1,0,0.258477,0.149,0.93447,4.58095,1
637,133,36,106,108,1,36,0,108,0,1,5,0.277286,0,1,4.85081,1
638,52,36,1,102,1,36,0,108,0,1,2,0.28,0,1,4.43511,1
639,40,36,38,105,1,36,0,108,0,1,1,0.247706,0,1,4.75393,1
640,196,36,156,109,1,36,0,108,0,1,8,0.237591,0,1,4.74859,1
641,158,36,113,106,1,36,0,108,0,1,8,0.248572,0,1,4.6415,1
642,228,36,156,108,1,36,0,108,0,1,6,0.236817,0,1,4.50133,1
643,110,36,46,107,1,36,0,108,0,1,10,0.269351,0,1,4.79576,1
644,111,36,21,107,1,36,0,108,0,1,13,0.219736,0,1,4.84502,1
645,75,36,71,109,1,36,0,108,0,1,0,0.257355,0,1,4.4798,1
646,16,15,10,103,1,15,0,108,8,8,1,0.28,0.167936,0.931548,5.8955,1
647,161,36,98,109,1,36,0,108,0,1,6,0.238532,0,1,4.45153,1
648,155,36,124,107,1,36,0,108,0,1,10,0.233731,0,1,4.58232,1
649,15,13,4,111,1,13,0,108,4,13,2,0.252252,0.174952,0.923229,5.32869,1
650,29,26,28,98,1,26,0,108,0,2,3,0.278731,0.178909,0.929013,4.72583,1
651,170,36,90,108,1,36,0,108,0,1,5,0.269308,0,1,4.77957,1
652,183,36,115,108,1,36,0,108,2,1,6,0.266055,0,1,4.81614,1
653,179,36,80,108,1,36,0,108,0,1,7,0.231481,0,1,4.50668,1
654,23,21,6,106,1,21,0,108,3,10,2,0.28,0.183361,0.921399,5.44189,1
655,96,36,66,106,1,36,0,108,0,1,4,0.247454,0,1,4.57361,1
656,114,36,60,108,1,36,0,108,0,1,4,0.28,0,1,4.37698,1
657,99,36,30,108,1,36,0,108,0,1,11,0.231481,0,1,4.75662,1
658,41,36,0,112,1,36,0,108,5,1,2,0.28,0,1,5.6553,1
659,60,36,58,103,1,36,0,108,0,1,4,0.28,0,1,4.96929,1
660,78,36,57,106,1,36,0,108,0,1,1,0.26039,0,1,4.69546,1
661,30,30,5,107,1,30,0,108,0,4,0,0.28,0.172221,0.930601,4.7847,1
662,88,36,48,108,1,36,0,108,0,1,3,0.28,0,1,4.67247,1
663,163,36,9,109,1,36,0,108,0,1,5,0.233067,0,1,4.48081,1
664,175,36,127,108,1,36,0,108,0,1,8,0.225422,0,1,4.7938,1
665,29,29,18,108,1,29,0,108,0,6,0,0.265657,0.162235,0.929671,4.71053,1
666,150,36,16,106,1,36,0,108,2,1,7,0.247685,0,1,5.39259,1
667,69,36,50,107,1,36,0,108,0,1,4,0.256144,0,1,4.73794,1
668,44,36,6,105,1,36,0,108,0,1,2,0.223398,0,1,4.41172,1
669,143,36,24,107,1,36,0,108,0,1,6,0.25,0,1,4.9339,1
670,116,36,17,109,1,36,0,108,0,1,4,0.238942,0,1,4.79901,1
671,152,36,104,107,1,36,0,108,0,1,4,0.254856,0,1,4.61569,1
672,169,36,20,107,1,36,0,108,0,1,5,0.25497,0,1,4.68875,1
673,123,36,63,109,1,36,0,108,0,1,5,0.219298,0,1,4.88408,1
674,144,36,7,108,1,36,0,108,0,1,2,0.250712,0,1,4.90414,1
675,155,36,12,106,1,36,0,108,0,1,14,0.253158,0,1,4.53913,1
676,134,36,1,106,1,36,0,108,0,1,4,0.222222,0,1,4.81184,1
677,144,36,122,108,1,36,0,108,0,1,4,0.26683,0,1,4.34268,1
678,210,36,164,107,1,36,0,108,0,1,10,0.233891,0,1,4.62568,1
679,140,36,106,109,1,36,0,108,0,1,6,0.246887,0,1,4.47833,1
680,30,29,28,104,1,29,0,108,2,6,1,0.28,0.181758,0.91922,5.69612,1
681,175,36,7,108,1,36,0,108,0,1,7,0.268519,0,1,4.9305,1
682,14,14,5,112,1,14,0,108,0,16,0,0.241071,0.152209,0.94045,4.9572,1
683,25,23,2,104,1,23,0,108,0,9,2,0.28,0.187199,0.911675,4.97502,1
684,8,7,4,112,1,7,0,108,4,25,1,0.28,0.188307,0.91269,6.26072,1
685,154,36,47,106,1,36,0,108,0,1,7,0.239515,0,1,4.41203,1
686,90,36,58,106,1,36,0,108,0,1,7,0.235849,0,1,4.75079,1
687,117,36,73,107,1,36,0,108,0,1,9,0.248248,0,1,4.64987,1
688,167,36,141,107,1,36,0,108,0,1,11,0.212795,0,1,4.40248,1
689,261,36,69,109,1,36,0,108,0,1,9,0.266055,0,1,4.8019,1
690,463,36,8,108,1,36,0,108,0,1,25,0.257071,0,1,4.96353,1
691,160,36,116,107,1,36,0,108,0,1,6,0.222884,0,1,5.24582,1
692,114,36,74,110,1,36,0,108,0,1,3,0.272727,0,1,4.89652,1
693,118,36,4,107,1,36,0,108,0,1,5,0.253696,0,1,4.37195,1
694,98,36,24,108,1,36,0,108,0,1,12,0.206258,0,1,4.91883,1
695,52,36,22,106,1,36,0,108,0,1,3,0.273585,0,1,4.69534,1
696,215,36,210,107,1,36,0,108,0,1,6,0.261682,0,1,4.77289,1
697,48,36,4,106,1,36,0,108,0,1,4,0.28,0,1,4.5789,1
698,50,36,6,108,1,36,0,108,0,1,1,0.259259,0,1,4.58948,1
699,138,36,99,107,1,36,0,108,0,1,2,0.216379,0,1,4.63757,1
700,193,36,22,107,1,36,0,108,0,1,7,0.241365,0,1,4.68664,1
701,112,36,57,109,1,36,0,108,0,1,9,0.221449,0,1,4.69866,1
702,29,28,17,103,1,28,0,108,6,6,1,0.28,0.194516,0.91035,5.60621,1
703,151,36,14,105,1,36,0,108,0,1,3,0.267677,0,1,4.6655,1
704,180,36,45,107,1,36,0,108,0,1,10,0.242164,0,1,4.29361,1
705,125,36,17,107,1,36,0,108,0,1,6,0.272682,0,1,4.83716,1
706,13,12,3,109,1,12,0,108,0,10,1,0.28,0.169367,0.931301,4.81027,1
707,37,33,16,107,1,33,0,108,0,5,4,0.252336,0.156601,0.930566,4.89922,1
708,97,36,12,111,1,36,0,108,0,1,2,0.28,0,1,4.84633,1
709,91,36,50,107,1,36,0,108,2,1,6,0.234403,0,1,4.83518,1
710,134,36,9,109,1,36,0,108,0,1,8,0.235747,0,1,4.83652,1
711,10,10,2,114,1,10,0,108,5,22,0,0.275304,0.180589,0.920715,5.5308,1
712,147,36,1,108,1,36,0,108,0,1,1,0.263167,0,1,4.62405,1
713,107,36,12,108,1,36,0,108,0,1,3,0.257071,0,1,4.44868,1
714,178,36,172,106,1,36,0,108,0,1,7,0.265641,0,1,4.89347,1
715,162,36,99,106,1,36,0,108,0,1,4,0.276292,0,1,4.66333,1
716,134,36,95,107,1,36,0,108,0,1,7,0.242991,0,1,4.73081,1
717,141,36,16,109,1,36,0,108,0,1,12,0.21789,0,1,4.44208,1
718,29,28,13,104,1,28,0,108,0,2,1,0.243315,0.151961,0.93445,4.54619,1
719,30,29,25,107,1,29,0,108,2,5,1,0.28,0.168081,0.930295,5.21625,1
720,24,24,19,107,1,24,0,108,0,7,0,0.28,0.158815,0.932441,4.59243,1
721,128,36,114,109,1,36,0,108,0,1,5,0.256881,0,1,5.11555,1
722,146,36,27,107,1,36,0,108,0,1,1,0.266989,0,1,4.79371,1
723,106,36,99,109,1,36,0,108,0,1,6,0.27937,0,1,4.51796,1
724,38,34,19,111,1,34,0,108,0,7,4,0.242403,0.162384,0.936609,5.06453,1
725,137,36,76,108,1,36,0,108,0,1,1,0.275132,0,1,4.73837,1
726,74,36,10,108,1,36,0,108,0,1,4,0.212963,0,1,4.85138,1
727,51,36,30,106,1,36,0,108,0,1,2,0.243711,0,1,4.88214,1
728,207,36,8,107,1,36,0,108,0,1,6,0.235981,0,1,4.57457,1
729,204,36,47,107,1,36,0,108,0,1,13,0.245791,0,1,4.73427,1
730,141,36,5,108,1,36,0,108,0,1,5,0.25,0,1,4.65834,1
731,162,36,140,108,1,36,0,108,0,1,2,0.259259,0,1,4.69859,1
732,180,36,22,107,1,36,0,108,0,1,8,0.238657,0,1,4.77693,1
733,194,36,53,108,1,36,0,108,0,1,8,0.251543,0,1,4.68785,1
734,21,20,10,105,1,20,0,108,1,8,1,0.250674,0.157663,0.931144,5.17627,1
735,152,36,28,107,1,36,0,108,2,1,6,0.267093,0,1,4.68761,1
736,126,36,12,109,1,36,0,108,0,1,3,0.263619,0,1,4.86475,1
737,37,34,13,108,1,34,0,108,2,6,3,0.28,0.167368,0.925643,5.26423,1
738,156,36,55,106,1,36,0,108,0,1,10,0.224771,0,1,4.6245,1
739,10,10,5,108,1,10,0,108,0,10,0,0.228118,0.15116,0.941213,4.724,1
740,185,36,145,108,1,36,0,108,0,1,3,0.264881,0,1,4.81713,1
741,98,36,58,105,1,36,0,108,0,1,4,0.25,0,1,4.78976,1
742,40,36,16,108,1,36,0,108,0,1,1,0.28,0,1,4.64345,1
743,123,36,17,109,1,36,0,108,0,1,11,0.229358,0,1,4.94417,1
744,10,10,0,103,1,10,0,108,0,7,0,0.26511,0.140289,0.939356,4.73729,1
745,123,36,0,109,1,36,0,108,0,1,5,0.256881,0,1,4.55315,1
746,122,36,55,108,1,36,0,108,0,1,7,0.222222,0,1,4.85694,1
747,27,26,11,110,1,26,0,108,0,5,1,0.253292,0.161055,0.930627,4.48603,1
748,195,36,119,108,1,36,0,108,2,1,1,0.259259,0,1,5.30319,1
749,267,36,48,108,1,36,0,108,0,1,24,0.28,0,1,4.86306,1
750,190,36,17,108,1,36,0,108,0,1,20,0.22807,0,1,4.8718,1
751,55,36,9,106,1,36,0,108,0,1,4,0.216981,0,1,4.56415,1
752,162,36,87,107,1,36,0,108,0,1,3,0.259863,0,1,4.76419,1
753,211,36,11,109,1,36,0,108,0,1,11,0.250812,0,1,4.59043,1
754,186,36,164,108,1,36,0,108,0,1,11,0.254545,0,1,5.10056,1
755,187,36,180,108,1,36,0,108,0,1,10,0.25,0,1,4.85587,1
756,24,24,14,107,1,24,0,108,0,7,0,0.269913,0.168483,0.928565,4.80076,1
757,133,36,111,108,1,36,0,108,0,1,9,0.236971,0,1,4.99566,1
758,186,36,25,109,1,36,0,108,0,1,6,0.256881,0,1,4.47019,1
759,154,36,39,108,1,36,0,108,0,1,4,0.222896,0,1,4.96198,1
760,132,36,65,108,1,36,0,108,0,1,5,0.260816,0,1,4.5123,1
761,122,36,17,108,1,36,0,108,0,1,3,0.269446,0,1,4.54839,1
762,54,36,37,105,1,36,0,108,2,1,6,0.28,0,1,4.89632,1
763,103,36,96,106,1,36,0,108,0,1,6,0.231264,0,1,4.61169,1
764,25,20,4,105,1,20,0,108,4,13,5,0.28,0.181995,0.914798,5.78186,1
765,42,36,32,111,1,36,0,108,0,1,3,0.28,0,1,4.74963,1
766,287,36,43,108,1,36,0,108,0,1,10,0.240741,0,1,4.63708,1
767,132,36,65,108,1,36,0,108,0,1,7,0.253196,0,1,4.69046,1
768,38,36,12,111,1,36,0,108,0,4,1,0.261261,0.144804,0.943491,4.61824,1
769,161,36,23,108,1,36,0,108,0,1,6,0.276167,0,1,4.68648,1
770,210,36,61,108,1,36,0,108,0,1,9,0.235984,0,1,4.88543,1
771,155,36,138,107,1,36,0,108,0,1,9,0.251393,0,1,4.92626,1
772,19,19,1,108,1,19,0,108,0,6,0,0.28,0.1636,0.926606,4.8036,1
773,169,36,76,108,1,36,0,108,0,1,8,0.266284,0,1,4.31862,1
774,12,12,5,109,1,12,0,108,0,8,0,0.233945,0.164667,0.932059,4.85958,1
775,156,36,66,109,1,36,0,108,0,1,6,0.243243,0,1,4.60351,1
776,200,36,122,109,1,36,0,108,0,1,13,0.238284,0,1,4.75494,1
777,136,36,29,107,1,36,0,108,0,1,7,0.220495,0,1,4.73326,1
778,65,36,25,107,1,36,0,108,2,1,2,0.28,0,1,4.87123,1
779,20,19,12,110,1,19,0,108,1,12,1,0.28,0.193909,0.921756,5.51779,1
780,89,36,60,110,1,36,0,108,0,1,3,0.26993,0,1,4.72665,1
781,20,20,15,109,1,20,0,108,0,4,0,0.275229,0.145175,0.939134,4.71759,1
782,58,36,5,107,1,36,0,108,0,1,4,0.25497,0,1,4.55924,1
783,115,36,1,108,1,36,0,108,0,1,5,0.268437,0,1,4.68156,1
784,141,36,138,109,1,36,0,108,0,1,4,0.255932,0,1,4.63884,1
785,149,36,109,106,1,36,0,108,0,1,5,0.28,0,1,4.94153,1
786,195,36,169,108,1,36,0,108,0,1,10,0.222884,0,1,4.94843,1
787,81,36,26,108,1,36,0,108,0,1,1,0.279051,0,1,4.42191,1
788,53,36,41,106,1,36,0,108,0,1,3,0.272911,0,1,4.80824,1
789,29,22,3,110,1,22,0,108,0,8,7,0.225466,0.149755,0.936325,4.67886,1
790,142,36,112,108,1,36,0,108,0,1,10,0.28,0,1,4.77074,1
791,55,36,33,107,1,36,0,108,0,1,4,0.266055,0,1,4.56921,1
792,170,36,61,108,1,36,0,108,0,1,10,0.250419,0,1,4.46069,1
793,215,36,42,108,1,36,0,108,0,1,14,0.217677,0,1,4.80988,1
794,125,36,124,109,1,36,0,108,0,1,9,0.233067,0,1,4.49388,1
795,148,36,40,110,1,36,0,108,0,1,3,0.266372,0,1,4.76503,1
796,77,36,63,104,1,36,0,108,0,1,3,0.259615,0,1,5.42012,1
797,24,23,7,109,1,23,0,108,1,3,1,0.244884,0.130198,0.940523,5.21714,1
798,29,28,0,110,1,28,0,108,0,8,1,0.28,0.159855,0.930412,4.73472,1
799,169,36,83,108,1,36,0,108,0,1,4,0.259259,0,1,4.74381,1
800,104,36,26,110,1,36,0,108,0,1,7,0.28,0,1,4.68812,1
801,111,36,102,110,1,36,0,108,0,1,8,0.227273,0,1,4.751,1
802,17,16,16,109,1,16,0,108,0,8,1,0.232027,0.140734,0.939055,4.77755,1
803,42,36,0,107,1,36,0,108,0,1,4,0.28,0,1,4.61049,1
804,34,33,11,107,1,33,0,108,0,5,1,0.277716,0.160499,0.928311,4.73844,1
805,167,36,7,108,1,36,0,108,0,1,9,0.257912,0,1,4.82842,1
806,15,14,2,104,1,14,0,108,4,11,1,0.252981,0.193997,0.91745,5.73284,1
807,171,36,114,108,1,36,0,108,0,1,6,0.251543,0,1,4.59714,1
808,122,36,73,107,1,36,0,108,0,1,6,0.243313,0,1,4.62704,1
809,119,36,69,108,1,36,0,108,0,1,3,0.238771,0,1,4.67341,1
810,58,36,35,107,1,36,0,108,0,1,2,0.233645,0,1,4.65715,1
811,146,36,27,107,1,36,0,108,0,1,2,0.261682,0,1,4.59764,1
812,112,36,47,108,1,36,0,108,0,1,1,0.244592,0,1,4.4233,1
813,38,34,21,109,1,34,0,108,2,11,4,0.256881,0.165971,0.925519,5.32225,1
814,17,16,13,108,1,16,0,108,1,7,1,0.277778,0.153003,0.934743,5.52445,1
815,29,29,25,106,1,29,0,108,2,6,0,0.28,0.196667,0.916527,5.74014,1
816,65,36,64,106,1,36,0,108,2,1,3,0.259691,0,1,5.2491,1
817,171,36,75,108,1,36,0,108,2,1,10,0.262317,0,1,5.04228,1
818,144,36,111,110,1,36,0,108,0,1,4,0.279545,0,1,4.81475,1
819,122,36,24,107,1,36,0,108,0,1,4,0.247404,0,1,4.55746,1
820,91,36,16,107,1,36,0,108,0,1,9,0.216194,0,1,4.37437,1
821,187,36,27,107,1,36,0,108,0,1,8,0.261029,0,1,4.50296,1
822,89,36,80,104,1,36,0,108,0,1,1,0.249274,0,1,4.4328,1
823,57,36,28,106,1,36,0,108,0,1,1,0.28,0,1,4.80671,1
824,114,36,113,105,1,36,0,108,0,1,6,0.246325,0,1,4.36767,1
825,114,36,64,110,1,36,0,108,0,1,6,0.249761,0,1,4.8985,1
826,143,36,46,106,1,36,0,108,0,1,4,0.262466,0,1,4.53637,1
827,43,36,27,108,1,36,0,108,0,1,0,0.250712,0,1,4.57747,1
828,119,36,7,107,1,36,0,108,0,1,2,0.228717,0,1,4.39474,1
829,184,36,6,109,1,36,0,108,0,1,6,0.256881,0,1,4.50599,1
830,21,18,2,106,1,18,0,108,2,4,3,0.210836,0.128818,0.944293,5.22077,1
831,20,20,19,106,1,20,0,108,0,2,0,0.273585,0.154162,0.935775,4.7849,1
832,30,26,21,99,1,26,0,108,0,3,4,0.28,0.188188,0.923935,4.80599,1
833,63,36,14,104,1,36,0,108,0,1,2,0.251948,0,1,4.62301,1
834,163,36,88,109,1,36,0,108,0,1,10,0.28,0,1,4.31432,1
835,174,36,70,109,1,36,0,108,0,1,4,0.266848,0,1,4.78664,1
836,17,16,6,108,1,16,0,108,1,7,1,0.241891,0.153082,0.932725,5.42277,1
837,162,36,154,108,1,36,0,108,0,1,7,0.248403,0,1,4.83309,1
838,139,36,90,105,1,36,0,108,0,1,6,0.269755,0,1,4.72019,1
839,161,36,114,108,1,36,0,108,0,1,6,0.28,0,1,4.45441,1
840,144,36,78,109,1,36,0,108,0,1,8,0.220183,0,1,4.61151,1
841,44,36,29,108,1,36,0,108,0,1,1,0.260684,0,1,4.75016,1
842,19,16,8,107,1,16,0,108,3,8,3,0.242991,0.148872,0.932107,5.67544,1
843,58,36,12,105,1,36,0,108,0,1,1,0.266667,0,1,4.60186,1
844,43,36,3,106,1,36,0,108,2,1,1,0.271916,0,1,5.12661,1
845,144,36,59,109,1,36,0,108,2,1,15,0.28,0,1,4.94541,1
846,103,36,60,106,1,36,0,108,0,1,3,0.244632,0,1,4.64051,1
847,224,36,105,108,1,36,0,108,0,1,9,0.252174,0,1,4.7934,1
848,23,23,5,106,1,23,0,108,0,1,0,0.264151,0.146369,0.935377,4.84741,1
849,27,24,14,106,1,24,0,108,0,10,3,0.28,0.194295,0.91929,4.74711,1
850,107,36,21,108,1,36,0,108,2,1,8,0.244309,0,1,5.29945,1
851,125,36,71,107,1,36,0,108,0,1,8,0.261682,0,1,4.41697,1
852,123,36,3,108,1,36,0,108,0,1,3,0.259259,0,1,4.79772,1
853,143,36,52,108,1,36,0,108,0,1,4,0.259259,0,1,4.6741,1
854,231,36,6,108,1,36,0,108,0,1,12,0.25901,0,1,4.63592,1
855,120,36,1,108,1,36,0,108,0,1,7,0.218617,0,1,4.72073,1
856,94,36,54,107,1,36,0,108,0,1,4,0.271028,0,1,4.85888,1
857,34,30,18,108,1,30,0,108,0,3,4,0.235736,0.128106,0.941843,4.73113,1
858,71,36,36,103,1,36,0,108,0,1,3,0.270979,0,1,4.82773,1
859,164,36,46,109,1,36,0,108,0,1,10,0.233699,0,1,4.56498,1
860,159,36,43,110,1,36,0,108,0,1,10,0.24232,0,1,4.8804,1
861,77,36,55,109,1,36,0,108,0,1,2,0.28,0,1,4.4171,1
862,24,24,10,107,1,24,0,108,2,6,0,0.231908,0.154104,0.930693,5.73898,1
863,54,36,21,103,1,36,0,108,0,1,3,0.227969,0,1,4.52731,1
864,202,36,201,108,1,36,0,108,0,1,11,0.228283,0,1,4.71767,1
865,91,36,85,108,1,36,0,108,0,1,3,0.28,0,1,4.71759,1
866,32,31,14,102,1,31,0,108,0,2,1,0.28,0.172076,0.928777,4.7501,1
867,29,22,6,110,1,22,0,108,1,9,7,0.2,0.134231,0.944144,5.15202,1
868,20,20,10,111,1,20,0,108,0,6,0,0.261883,0.151937,0.939554,4.67859,1
869,30,27,0,109,1,27,0,108,0,14,3,0.28,0.19645,0.91297,4.96673,1
870,60,36,0,108,1,36,0,108,2,1,8,0.25,0,1,5.11583,1
871,167,36,32,108,1,36,0,108,0,1,10,0.237288,0,1,4.40149,1
872,24,24,6,112,1,24,0,108,2,11,0,0.274191,0.159986,0.934516,4.85205,1
873,170,36,0,108,1,36,0,108,0,1,5,0.261261,0,1,4.59516,1
874,68,36,19,104,1,36,0,108,0,1,5,0.256579,0,1,4.92124,1
875,83,36,53,107,1,36,0,108,0,1,6,0.246996,0,1,5.01887,1
876,179,36,5,108,1,36,0,108,0,1,9,0.217985,0,1,4.8361,1
877,30,29,6,112,1,29,0,108,0,10,1,0.28,0.185485,0.926034,4.65739,1
878,155,36,117,107,1,36,0,108,0,1,4,0.268519,0,1,4.82745,1
879,140,36,20,107,1,36,0,108,0,1,5,0.230422,0,1,4.55798,1
880,40,36,34,104,1,36,0,108,0,1,2,0.24873,0,1,4.74925,1
881,191,36,40,107,1,36,0,108,0,1,10,0.236414,0,1,4.58848,1
882,111,36,73,108,1,36,0,108,0,1,4,0.28,0,1,4.7767,1
883,141,36,27,108,1,36,0,108,0,1,6,0.261261,0,1,4.76501,1
884,138,36,99,107,1,36,0,108,0,1,4,0.270149,0,1,4.78993,1
885,226,36,56,108,1,36,0,108,0,1,9,0.254545,0,1,4.55602,1
886,43,36,6,101,1,36,0,108,0,1,1,0.274663,0,1,5.15975,1
887,43,36,10,108,1,36,0,108,0,1,4,0.28,0,1,4.96521,1
888,72,36,14,110,1,36,0,108,0,1,3,0.28,0,1,4.46224,1
889,79,36,7,107,1,36,0,108,0,1,7,0.28,0,1,4.77623,1
890,161,36,102,108,1,36,0,108,0,1,8,0.243961,0,1,4.31836,1
891,11,11,9,106,1,11,0,108,2,11,0,0.28,0.171925,0.92167,5.19714,1
892,76,36,52,109,1,36,0,108,0,1,7,0.258765,0,1,4.71372,1
893,31,28,23,108,1,28,0,108,2,12,3,0.28,0.191784,0.920245,5.62228,1
894,181,36,12,108,1,36,0,108,0,1,15,0.28,0,1,4.7443,1
895,320,36,224,108,1,36,0,108,0,1,17,0.241074,0,1,4.62763,1
896,151,36,6,105,1,36,0,108,0,1,5,0.257494,0,1,4.69489,1
897,122,36,5,108,1,36,0,108,0,1,5,0.254815,0,1,4.41627,1
898,97,36,90,108,1,36,0,108,0,1,1,0.28,0,1,4.59028,1
899,136,36,67,107,1,36,0,108,0,1,9,0.205607,0,1,4.68371,1
900,87,36,60,107,1,36,0,108,0,1,5,0.260225,0,1,4.62504,1
901,145,36,99,108,1,36,0,108,0,1,6,0.247104,0,1,4.71754,1
902,11,8,8,103,1,8,0,108,6,8,3,0.28,0.182636,0.917562,5.67339,1
903,112,36,52,106,1,36,0,108,0,1,8,0.226415,0,1,4.73146,1
904,156,36,30,108,1,36,0,108,0,1,5,0.268519,0,1,4.60103,1
905,125,36,66,106,1,36,0,108,0,1,7,0.265153,0,1,4.37598,1
906,180,36,73,107,1,36,0,108,0,1,7,0.28,0,1,4.8121,1
907,147,36,6,107,1,36,0,108,2,1,5,0.268199,0,1,5.27173,1
908,92,36,2,106,1,36,0,108,0,1,1,0.257586,0,1,4.83161,1
909,142,36,80,106,1,36,0,108,0,1,8,0.27299,0,1,4.68081,1
910,181,36,121,108,1,36,0,108,0,1,5,0.261404,0,1,5.02875,1
911,160,36,93,108,1,36,0,108,0,1,4,0.268519,0,1,4.76626,1
912,200,36,82,108,1,36,0,108,0,1,4,0.269968,0,1,4.61643,1
913,70,36,50,106,1,36,0,108,0,1,7,0.246389,0,1,4.69178,1
914,35,32,12,111,1,32,0,108,1,9,3,0.243243,0.164179,0.926902,5.61724,1
915,75,36,45,107,1,36,0,108,0,1,0,0.233645,0,1,4.53661,1
916,157,36,84,108,1,36,0,108,0,1,7,0.242702,0,1,4.74269,1
917,27,24,17,105,1,24,0,108,0,7,3,0.28,0.174989,0.923065,4.80112,1
918,287,36,172,107,1,36,0,108,0,1,17,0.240064,0,1,4.3833,1
919,428,36,52,108,1,36,0,108,0,1,19,0.247076,0,1,4.62834,1
920,221,36,30,109,1,36,0,108,0,1,5,0.256881,0,1,4.73074,1
921,23,22,6,108,1,22,0,108,2,6,1,0.268676,0.135152,0.938708,5.42601,1
922,127,36,100,107,1,36,0,108,0,1,6,0.238938,0,1,4.3423,1
923,137,36,25,106,1,36,0,108,0,1,6,0.259367,0,1,4.46976,1
924,113,36,13,106,1,36,0,108,0,1,3,0.248983,0,1,4.53009,1
925,195,36,171,108,1,36,0,108,0,1,8,0.259259,0,1,4.59273,1
926,128,36,8,108,1,36,0,108,0,1,3,0.243119,0,1,4.57663,1
927,31,29,0,110,1,29,0,108,0,4,2,0.214448,0.126418,0.949974,4.42102,1
928,113,36,76,106,1,36,0,108,0,1,3,0.2355,0,1,4.6621,1
929,38,36,22,103,1,36,0,108,0,1,1,0.257136,0.154419,0.931207,4.60882,1
930,97,36,25,105,1,36,0,108,4,1,4,0.275132,0,1,5.57477,1
931,93,36,63,108,1,36,0,108,0,1,2,0.28,0,1,4.64123,1
932,159,36,45,108,1,36,0,108,0,1,5,0.227718,0,1,4.91497,1
933,109,36,68,108,1,36,0,108,0,1,5,0.234985,0,1,4.47686,1
934,121,36,87,108,1,36,0,108,0,1,4,0.249249,0,1,4.61012,1
935,89,36,50,107,1,36,0,108,0,1,4,0.232197,0,1,4.37383,1
936,182,36,121,107,1,36,0,108,0,1,10,0.242743,0,1,4.77305,1
937,173,36,47,108,1,36,0,108,0,1,7,0.28,0,1,4.55149,1
938,72,36,36,107,1,36,0,108,0,1,2,0.231941,0,1,4.65251,1
939,88,36,10,109,1,36,0,108,0,1,2,0.28,0,1,4.76709,1
940,156,36,15,107,1,36,0,108,0,1,8,0.252336,0,1,4.59494,1
941,160,36,97,108,1,36,0,108,0,1,10,0.222222,0,1,4.73109,1
942,234,36,125,108,1,36,0,108,0,1,7,0.22927,0,1,4.69806,1
943,63,36,61,103,1,36,0,108,0,1,4,0.253769,0,1,4.72002,1
944,169,36,24,105,1,36,0,108,0,1,9,0.249345,0,1,4.64113,1
945,169,36,111,105,1,36,0,108,0,1,13,0.224713,0,1,4.68785,1
946,112,36,110,109,1,36,0,108,0,1,5,0.274336,0,1,4.33827,1
947,141,36,77,106,1,36,0,108,0,1,2,0.257223,0,1,4.62,1
948,171,36,125,107,1,36,0,108,0,1,3,0.2506,0,1,4.92305,1
949,75,36,28,110,1,36,0,108,0,1,5,0.249802,0,1,4.68525,1
950,167,36,154,107,1,36,0,108,0,1,10,0.228722,0,1,4.79169,1
951,62,36,23,108,1,36,0,108,0,1,6,0.263636,0,1,4.51491,1
952,126,36,101,108,1,36,0,108,0,1,3,0.259875,0,1,4.65407,1
953,159,36,88,106,1,36,0,108,0,1,9,0.235849,0,1,4.68078,1
954,230,36,197,108,1,36,0,108,0,1,10,0.28,0,1,4.34893,1
955,21,20,7,107,1,20,0,108,2,8,1,0.28,0.196279,0.923356,5.36484,1
956,23,21,11,99,1,21,0,108,0,1,2,0.272566,0.161438,0.937885,5.03413,1
957,126,36,69,109,1,36,0,108,0,1,2,0.28,0,1,4.98706,1
958,105,36,102,107,1,36,0,108,0,1,4,0.242991,0,1,4.92995,1
959,20,18,0,103,1,18,0,108,0,5,2,0.28,0.189848,0.919342,4.8212,1
960,197,36,176,109,1,36,0,108,2,1,7,0.248853,0,1,5.12779,1
961,102,36,82,109,1,36,0,108,0,1,3,0.266055,0,1,4.79853,1
962,151,36,70,107,1,36,0,108,0,1,10,0.268996,0,1,4.77176,1
963,192,36,96,108,1,36,0,108,0,1,3,0.268519,0,1,4.82431,1
964,214,36,9,107,1,36,0,108,0,1,12,0.267622,0,1,4.77942,1
965,23,22,15,112,1,22,0,108,2,11,1,0.28,0.185854,0.924933,5.85208,1
966,79,36,76,108,1,36,0,108,0,1,6,0.28,0,1,4.69163,1
967,76,36,57,105,1,36,0,108,0,1,4,0.263551,0,1,4.68428,1
968,170,36,97,107,1,36,0,108,0,1,6,0.254427,0,1,4.65537,1
969,122,36,66,107,1,36,0,108,0,1,5,0.256144,0,1,4.81653,1
970,82,36,47,108,1,36,0,108,0,1,4,0.247706,0,1,4.30343,1
971,106,36,37,108,1,36,0,108,0,1,4,0.267806,0,1,4.80341,1
972,209,36,149,108,1,36,0,108,0,1,3,0.243491,0,1,4.58746,1
973,78,36,18,111,1,36,0,108,0,1,1,0.27027,0,1,4.59335,1
974,211,36,3,107,1,36,0,108,0,1,12,0.259863,0,1,4.47302,1
975,1,1,0,113,1,1,0,108,0,0,0,1,0,0,5.61379,1
976,142,36,55,108,1,36,0,108,0,1,9,0.249345,0,1,4.43289,1
977,94,36,29,105,1,36,0,108,0,1,4,0.258913,0,1,4.37033,1
978,171,36,75,106,1,36,0,108,0,1,12,0.234234,0,1,4.40129,1
979,45,36,21,109,1,36,0,108,0,1,5,0.28,0,1,4.67865,1
980,125,36,52,106,1,36,0,108,0,1,6,0.25,0,1,4.53288,1
981,170,36,0,107,1,36,0,108,0,1,4,0.23925,0,1,4.36183,1
982,261,36,30,107,1,36,0,108,0,1,10,0.267093,0,1,4.74566,1
983,174,36,135,108,1,36,0,108,0,1,7,0.277778,0,1,4.65403,1
984,131,36,124,106,1,36,0,108,0,1,4,0.250879,0,1,4.55392,1
985,92,36,78,105,1,36,0,108,0,1,6,0.240617,0,1,4.50768,1
986,171,36,119,107,1,36,0,108,0,1,6,0.255744,0,1,4.69399,1
987,157,36,59,108,1,36,0,108,0,1,8,0.271662,0,1,4.61854,1
988,188,36,36,108,1,36,0,108,0,1,14,0.230697,0,1,4.85279,1
989,174,36,68,107,1,36,0,108,0,1,3,0.28,0,1,4.64473,1
990,180,36,9,107,1,36,0,108,0,1,6,0.259863,0,1,4.81335,1
991,78,36,2,108,1,36,0,108,0,1,4,0.222222,0,1,4.85378,1
992,33,32,26,107,1,32,0,108,1,8,1,0.253696,0.160147,0.929269,5.0016,1
993,88,36,5,107,1,36,0,108,0,1,9,0.28,0,1,4.43058,1
994,182,36,76,109,1,36,0,108,0,1,4,0.258246,0,1,4.60961,1
995,155,36,92,106,1,36,0,108,0,1,9,0.240274,0,1,4.94449,1
996,118,36,80,105,1,36,0,108,0,1,7,0.211905,0,1,4.79659,1
997,91,36,17,107,1,36,0,108,2,1,6,0.251209,0,1,4.80163,1
998,185,36,107,106,1,36,0,108,0,1,9,0.249427,0,1,4.61903,1
999,127,36,32,109,1,36,0,108,0,1,6,0.238532,0,1,4.63234,1
1000,37,33,27,106,1,33,0,108,2,5,4,0.248347,0.165369,0.924796,5.02891,1
1001,133,36,42,108,1,36,0,108,0,1,8,0.25,0,1,5.13158,1
1002,136,36,5,108,1,36,0,108,0,1,9,0.28,0,1,4.35401,1
1003,44,36,11,107,1,36,0,108,0,1,1,0.28,0,1,4.64713,1
1004,126,36,2,110,1,36,0,108,0,1,7,0.257166,0,1,5.05992,1
1005,15,14,12,112,1,14,0,108,1,15,1,0.25,0.188707,0.929024,5.47605,1
1006,13,11,12,109,1,11,0,108,4,9,2,0.28,0.176992,0.923811,5.23402,1
1007,215,36,113,108,1,36,0,108,0,1,14,0.237221,0,1,4.60829,1
1008,142,36,63,108,1,36,0,108,2,1,8,0.222727,0,1,4.56957,1
1009,198,36,96,105,1,36,0,108,0,1,9,0.263636,0,1,4.52735,1
1010,88,36,59,106,1,36,0,108,0,1,2,0.28,0,1,4.75855,1
1011,159,36,69,108,1,36,0,108,0,1,5,0.259259,0,1,4.5032,1
1012,125,36,32,106,1,36,0,108,0,1,4,0.245283,0,1,4.70392,1
1013,53,36,18,108,1,36,0,108,0,1,2,0.28,0,1,4.64925,1
1014,155,36,40,109,1,36,0,108,0,1,10,0.211009,0,1,4.81172,1
1015,105,36,34,105,1,36,0,108,0,1,3,0.28,0,1,4.73947,1
1016,188,36,134,108,1,36,0,108,0,1,12,0.212963,0,1,4.46945,1
1017,101,36,14,104,1,36,0,108,0,1,4,0.26417,0,1,4.78418,1
1018,159,36,36,107,1,36,0,108,0,1,4,0.275594,0,1,4.44908,1
1019,74,36,68,107,1,36,0,108,0,1,8,0.28,0,1,4.57582,1
1020,91,36,79,108,1,36,0,108,0,1,5,0.271271,0,1,4.80169,1
1021,173,36,92,108,1,36,0,108,0,1,4,0.268519,0,1,4.81512,1
1022,17,17,2,109,1,17,0,108,0,10,0,0.28,0.187835,0.92088,4.70885,1
1023,206,36,43,109,1,36,0,108,0,1,6,0.256881,0,1,4.2814,1
1024,25,22,6,105,1,22,0,108,3,7,3,0.272897,0.187042,0.918873,5.30619,1
1025,174,36,118,108,1,36,0,108,0,1,14,0.24514,0,1,4.53551,1
1026,189,36,71,107,1,36,0,108,0,1,10,0.242991,0,1,4.57244,1
1027,36,34,4,108,1,34,0,108,0,2,2,0.222222,0.121708,0.946242,4.43251,1
1028,91,36,28,109,1,36,0,108,2,1,3,0.251543,0,1,4.97859,1
1029,146,36,60,108,1,36,0,108,0,1,4,0.254151,0,1,5.15596,1
1030,30,27,2,104,1,27,0,108,0,2,3,0.269231,0.148185,0.938757,4.35171,1
1031,147,36,146,104,1,36,0,108,0,1,8,0.275272,0,1,4.76175,1
1032,84,36,0,110,1,36,0,108,0,1,7,0.28,0,1,4.54183,1
1033,178,36,124,108,1,36,0,108,0,1,13,0.220183,0,1,4.92158,1
1034,149,36,29,106,1,36,0,108,0,1,4,0.257435,0,1,4.55315,1
1035,197,36,44,108,1,36,0,108,0,1,11,0.266667,0,1,4.77179,1
1036,77,36,20,106,1,36,0,108,0,1,3,0.238654,0,1,4.60125,1
1037,142,36,2,106,1,36,0,108,0,1,4,0.244884,0,1,4.6103,1
1038,131,36,25,107,1,36,0,108,2,1,15,0.233645,0,1,5.23166,1
1039,135,36,85,108,1,36,0,108,0,1,6,0.232738,0,1,4.4723,1
1040,95,36,34,107,1,36,0,108,0,1,1,0.28,0,1,4.91251,1
1041,180,36,21,110,1,36,0,108,0,1,4,0.272727,0,1,4.51809,1
1042,136,36,110,107,1,36,0,108,0,1,11,0.232143,0,1,4.65893,1
1043,76,36,8,108,1,36,0,108,0,1,6,0.266667,0,1,4.62377,1
1044,57,36,25,107,1,36,0,108,0,1,1,0.25534,0,1,4.83186,1
1045,139,36,115,108,1,36,0,108,0,1,8,0.279915,0,1,4.44717,1
1046,233,36,15,108,1,36,0,108,0,1,8,0.248972,0,1,4.58871,1
1047,117,36,48,107,1,36,0,108,0,1,6,0.211949,0,1,4.8088,1
1048,131,36,37,107,1,36,0,108,0,1,4,0.252336,0,1,4.72164,1
1049,89,36,8,111,1,36,0,108,0,1,7,0.270744,0,1,4.55821,1
1050,134,36,15,105,1,36,0,108,0,1,10,0.209179,0,1,4.54406,1
1051,45,36,0,109,1,36,0,108,0,1,1,0.278732,0,1,4.99838,1
1052,71,36,30,107,1,36,0,108,0,1,5,0.202984,0,1,5.02036,1
1053,425,36,151,108,1,36,0,108,0,1,22,0.270468,0,1,5.03567,1
1054,208,36,187,108,1,36,0,108,0,1,3,0.271021,0,1,4.56154,1
1055,115,36,70,109,1,36,0,108,0,1,4,0.256881,0,1,4.34785,1
1056,116,36,1,105,1,36,0,108,0,1,5,0.227778,0,1,4.88215,1
1057,24,21,5,111,1,21,0,108,0,7,3,0.28,0.169067,0.930471,4.86838,1
1058,101,36,13,107,1,36,0,108,0,1,6,0.255663,0,1,4.52368,1
1059,155,36,118,105,1,36,0,108,0,1,17,0.228362,0,1,4.43054,1
1060,114,36,104,106,1,36,0,108,0,1,1,0.267466,0,1,5.02637,1
1061,125,36,96,107,1,36,0,108,0,1,3,0.242295,0,1,4.70477,1
1062,135,36,0,106,1,36,0,108,0,1,6,0.255929,0,1,4.89329,1
1063,95,36,54,106,1,36,0,108,0,1,2,0.28,0,1,4.49567,1
1064,190,36,95,108,1,36,0,108,0,1,3,0.259259,0,1,4.5121,1
1065,14,13,12,114,1,13,0,108,3,15,1,0.28,0.194119,0.918853,5.97851,1
1066,175,36,42,108,1,36,0,108,0,1,6,0.263636,0,1,4.24496,1
1067,118,36,17,108,1,36,0,108,0,1,6,0.247811,0,1,4.51939,1
1068,106,36,58,104,1,36,0,108,0,1,6,0.25163,0,1,4.40103,1
1069,29,27,0,106,1,27,0,108,3,5,2,0.252271,0.167356,0.926519,5.52606,1
1070,50,36,5,108,1,36,0,108,0,1,1,0.28,0,1,4.83368,1
1071,100,36,13,107,1,36,0,108,0,1,3,0.255751,0,1,4.62703,1
1072,186,36,75,109,1,36,0,108,0,1,4,0.266055,0,1,4.62076,1
1073,114,36,4,108,1,36,0,108,0,1,6,0.24746,0,1,4.0242,1
1074,33,30,15,106,1,30,0,108,0,8,3,0.249663,0.157678,0.939031,4.65808,1
1075,61,36,0,107,1,36,0,108,0,1,3,0.220495,0,1,4.90597,1
1076,126,36,43,107,1,36,0,108,0,1,4,0.271028,0,1,4.67144,1
1077,190,36,57,107,1,36,0,108,0,1,10,0.225484,0,1,4.59685,1
1078,222,36,195,108,1,36,0,108,0,1,10,0.214356,0,1,4.58524,1
1079,18,18,0,110,1,18,0,108,1,7,0,0.236364,0.146017,0.937517,5.63815,1
1080,32,31,10,107,1,31,0,108,0,5,1,0.28,0.173125,0.940342,4.75109,1
1081,179,36,30,108,1,36,0,108,0,1,3,0.275885,0,1,4.40202,1
1082,175,36,68,108,1,36,0,108,0,1,21,0.28,0,1,4.55532,1
1083,164,36,17,108,1,36,0,108,0,1,11,0.246807,0,1,5.09755,1
1084,13,12,0,111,1,12,0,108,4,10,1,0.28,0.184408,0.923185,5.62162,1
1085,131,36,41,109,1,36,0,108,0,1,5,0.229275,0,1,4.62244,1
1086,87,36,17,107,1,36,0,108,0,1,3,0.261682,0,1,5.15609,1
1087,121,36,26,108,1,36,0,108,0,1,7,0.28,0,1,4.73796,1
1088,221,36,67,106,1,36,0,108,0,1,8,0.260482,0,1,4.60443,1
1089,92,36,46,105,1,36,0,108,0,1,5,0.25974,0,1,4.70946,1
1090,30,29,24,105,1,29,0,108,0,1,1,0.231169,0.133742,0.945153,5.23949,1
1091,109,36,48,110,1,36,0,108,0,1,6,0.28,0,1,4.51537,1
1092,16,16,11,110,1,16,0,108,0,12,0,0.236364,0.16839,0.931963,5.01883,1
1093,140,36,24,106,1,36,0,108,0,1,2,0.28,0,1,4.69444,1
1094,80,36,1,106,1,36,0,108,0,1,4,0.248572,0,1,4.47007,1
1095,11,9,6,108,1,9,0,108,8,14,2,0.28,0.203892,0.910121,6.20032,1
1096,26,24,7,106,1,24,0,108,0,3,2,0.235849,0.131418,0.942764,4.61791,1
1097,36,36,3,106,1,36,0,108,0,2,0,0.262436,0.13793,0.938364,4.64014,1
1098,13,13,3,109,1,13,0,108,0,9,0,0.28,0.162675,0.932362,4.75655,1
1099,268,36,41,108,1,36,0,108,0,1,14,0.268519,0,1,4.81571,1
1100,23,18,8,108,1,18,0,108,0,8,5,0.28,0.191719,0.922282,4.84009,1
1101,188,36,125,108,1,36,0,108,0,1,13,0.28,0,1,5.00283,1
1102,110,36,8,108,1,36,0,108,0,1,9,0.235717,0,1,4.46652,1
1103,108,36,1,110,1,36,0,108,0,1,8,0.28,0,1,4.4925,1
1104,153,36,12,107,1,36,0,108,0,1,13,0.244748,0,1,4.60167,1
1105,40,36,18,106,1,36,0,108,0,1,1,0.249691,0,1,4.63887,1
1106,44,36,11,108,1,36,0,108,0,1,4,0.28,0,1,4.82911,1
1107,185,36,50,108,1,36,0,108,0,1,10,0.265814,0,1,4.40666,1
1108,96,36,16,108,1,36,0,108,0,1,7,0.28,0,1,4.59566,1
1109,121,36,62,108,1,36,0,108,0,1,6,0.266144,0,1,4.83892,1
1110,222,36,218,108,1,36,0,108,0,1,15,0.231481,0,1,4.71841,1
1111,115,36,61,106,1,36,0,108,0,1,8,0.28,0,1,4.7431,1
1112,31,30,30,109,1,30,0,108,2,11,1,0.28,0.176929,0.921524,5.2649,1
1113,94,36,29,105,1,36,0,108,0,1,3,0.243947,0,1,4.49935,1
1114,135,36,111,108,1,36,0,108,0,1,4,0.257937,0,1,5.00955,1
1115,119,36,19,107,1,36,0,108,0,1,12,0.196754,0,1,4.36896,1
1116,149,36,114,106,1,36,0,108,0,1,4,0.255051,0,1,4.80466,1
1117,197,36,1,108,1,36,0,108,0,1,7,0.248221,0,1,4.66089,1
1118,75,36,44,107,1,36,0,108,0,1,3,0.272682,0,1,4.44272,1
1119,72,36,4,108,1,36,0,108,0,1,2,0.264343,0,1,4.60256,1
1120,8,8,5,110,1,8,0,108,3,11,0,0.28,0.192506,0.917123,6.51958,1
1121,234,36,127,108,1,36,0,108,0,1,6,0.264976,0,1,4.65392,1
1122,156,36,117,108,1,36,0,108,0,1,5,0.222848,0,1,4.59763,1
1123,106,36,42,112,1,36,0,108,0,1,0,0.28,0,1,4.6201,1
1124,167,36,28,106,1,36,0,108,0,1,5,0.27746,0,1,4.74054,1
1125,74,36,40,109,1,36,0,108,0,1,3,0.229358,0,1,4.67657,1
1126,120,36,94,104,1,36,0,108,0,1,7,0.263328,0,1,4.50581,1
1127,85,36,41,107,1,36,0,108,0,1,5,0.28,0,1,4.74913,1
1128,133,36,38,107,1,36,0,108,0,1,2,0.264254,0,1,4.70664,1
1129,179,36,24,108,1,36,0,108,0,1,3,0.27441,0,1,4.63021,1
1130,100,36,57,108,1,36,0,108,0,1,5,0.245763,0,1,4.62935,1
1131,180,36,30,108,1,36,0,108,0,1,4,0.28,0,1,4.71061,1
1132,93,36,47,108,1,36,0,108,0,1,2,0.272502,0,1,4.63575,1
1133,94,36,39,107,1,36,0,108,0,1,2,0.213751,0,1,4.7072,1
1134,192,36,132,107,1,36,0,108,2,1,9,0.233645,0,1,5.13591,1
1135,61,36,45,107,1,36,0,108,0,1,0,0.261682,0,1,4.61125,1
1136,173,36,4,107,1,36,0,108,0,1,13,0.213906,0,1,4.68855,1
1137,14,13,8,105,1,13,0,108,0,5,1,0.28,0.140881,0.934535,4.95683,1
1138,47,36,39,108,1,36,0,108,0,1,3,0.25463,0,1,4.95871,1
1139,50,36,1,108,1,36,0,108,0,1,2,0.274336,0,1,4.51541,1
1140,53,36,44,107,1,36,0,108,0,1,0,0.28,0,1,4.89538,1
1141,37,36,22,105,1,36,0,108,4,3,1,0.28,0.156905,0.937388,5.56867,1
1142,110,36,34,108,1,36,0,108,0,1,4,0.237993,0,1,4.66521,1
1143,171,36,102,105,1,36,0,108,0,1,4,0.244609,0,1,4.63211,1
1144,25,20,24,106,1,20,0,108,4,8,5,0.28,0.183135,0.917236,5.87267,1
1145,135,36,91,105,1,36,0,108,0,1,2,0.267093,0,1,4.65391,1
1146,35,34,0,107,1,34,0,108,0,2,1,0.230694,0.127602,0.941775,4.98061,1
1147,151,36,4,108,1,36,0,108,0,1,3,0.25,0,1,4.61526,1
1148,128,36,53,108,1,36,0,108,0,1,9,0.28,0,1,4.84853,1
1149,23,21,2,107,1,21,0,108,2,9,2,0.260207,0.167035,0.925234,5.10755,1
1150,160,36,9,108,1,36,0,108,0,1,9,0.232143,0,1,4.74482,1
1151,125,36,94,107,1,36,0,108,0,1,4,0.226296,0,1,4.55704,1
1152,252,36,15,108,1,36,0,108,0,1,9,0.27618,0,1,4.71946,1
1153,223,36,39,108,1,36,0,108,0,1,9,0.276057,0,1,4.59527,1
1154,127,36,99,106,1,36,0,108,0,1,10,0.22922,0,1,4.51428,1
1155,16,16,9,116,1,16,0,108,4,17,0,0.28,0.205923,0.919371,5.84414,1
1156,141,36,117,106,1,36,0,108,0,1,11,0.244235,0,1,4.77023,1
1157,89,36,4,107,1,36,0,108,0,1,3,0.226376,0,1,4.52112,1
1158,38,35,26,99,1,35,0,108,0,7,3,0.28,0.207204,0.916926,4.96555,1
1159,113,36,56,105,1,36,0,108,0,1,6,0.225418,0,1,4.54257,1
1160,86,36,1,105,1,36,0,108,0,1,3,0.262147,0,1,4.92007,1
1161,99,36,17,107,1,36,0,108,0,1,1,0.28,0,1,4.50703,1
1162,74,36,10,106,1,36,0,108,0,1,2,0.28,0,1,4.65722,1
1163,149,36,70,108,1,36,0,108,0,1,8,0.209091,0,1,4.66717,1
1164,266,36,225,108,1,36,0,108,0,1,10,0.248538,0,1,4.66888,1
1165,93,36,10,110,1,36,0,108,0,1,6,0.245455,0,1,4.60733,1
1166,164,36,71,110,1,36,0,108,0,1,13,0.272727,0,1,4.5482,1
1167,192,36,47,106,1,36,0,108,0,1,8,0.257494,0,1,4.72152,1
1168,14,12,4,109,1,12,0,108,0,6,2,0.238532,0.12619,0.947272,4.80465,1
1169,29,29,2,105,1,29,0,108,2,4,0,0.251393,0.151124,0.933059,5.85479,1
1170,107,36,11,106,1,36,0,108,0,1,4,0.239138,0,1,4.73074,1
1171,135,36,0,107,1,36,0,108,0,1,8,0.245933,0,1,4.65191,1
1172,133,36,92,107,1,36,0,108,0,1,6,0.269481,0,1,4.71049,1
1173,173,36,51,106,1,36,0,108,0,1,7,0.254545,0,1,4.64685,1
1174,135,36,130,106,1,36,0,108,0,1,4,0.252597,0,1,4.5786,1
1175,85,36,26,107,1,36,0,108,0,1,3,0.28,0,1,4.80555,1
1176,61,36,57,108,1,36,0,108,0,1,3,0.277778,0,1,4.77498,1
1177,165,36,119,108,1,36,0,108,0,1,3,0.258246,0,1,4.3983,1
1178,93,36,36,107,1,36,0,108,0,1,3,0.246301,0,1,4.64863,1
1179,99,36,41,109,1,36,0,108,2,1,7,0.28,0,1,4.86739,1
1180,112,36,100,109,1,36,0,108,0,1,2,0.256881,0,1,4.42494,1
1181,173,36,121,109,1,36,0,108,0,1,2,0.28,0,1,4.68678,1
1182,231,36,113,108,1,36,0,108,0,1,6,0.240741,0,1,4.48784,1
1183,102,36,5,109,1,36,0,108,0,1,5,0.233245,0,1,4.81719,1
1184,137,36,30,107,1,36,0,108,0,1,4,0.261682,0,1,4.71679,1
1185,221,36,170,108,1,36,0,108,0,1,16,0.218987,0,1,4.59336,1
1186,120,36,23,107,1,36,0,108,0,1,8,0.28,0,1,4.3661,1
1187,161,36,17,108,1,36,0,108,0,1,6,0.271662,0,1,4.73865,1
1188,141,36,116,107,1,36,0,108,0,1,2,0.218548,0,1,4.51043,1
1189,141,36,103,106,1,36,0,108,0,1,1,0.277023,0,1,4.5258,1
1190,164,36,156,107,1,36,0,108,0,1,2,0.256144,0,1,4.52795,1
1191,94,36,8,107,1,36,0,108,1,1,6,0.250966,0,1,4.94712,1
1192,469,36,467,108,1,36,0,108,0,1,25,0.261209,0,1,4.51837,1
1193,68,36,47,105,1,36,0,108,0,1,5,0.28,0,1,4.67172,1
1194,156,36,56,108,1,36,0,108,0,1,6,0.259098,0,1,4.55598,1
1195,128,36,97,107,1,36,0,108,0,1,10,0.251251,0,1,4.80671,1
1196,116,36,84,105,1,36,0,108,0,1,4,0.272502,0,1,4.77068,1
1197,35,34,15,108,1,34,0,108,0,1,1,0.267816,0.137797,0.940684,4.80656,1
1198,32,32,20,108,1,32,0,108,0,4,0,0.202129,0.114235,0.949218,4.09316,1
1199,13,10,7,104,1,10,0,108,2,15,3,0.278571,0.170697,0.922237,5.25964,1
1200,142,36,81,107,1,36,0,108,0,1,11,0.251087,0,1,4.56878,1
1201,107,36,58,107,1,36,0,108,0,1,3,0.28,0,1,4.85231,1
1202,24,22,5,107,1,22,0,108,4,8,2,0.276118,0.183032,0.925459,5.71146,1
1203,58,36,12,111,1,36,0,108,0,1,2,0.27027,0,1,4.64001,1
1204,95,36,34,109,1,36,0,108,0,1,2,0.256881,0,1,4.57695,1
1205,168,36,161,108,1,36,0,108,0,1,10,0.267559,0,1,4.66616,1
1206,131,36,79,108,1,36,0,108,0,1,6,0.224435,0,1,4.70918,1
1207,49,36,0,109,1,36,0,108,0,1,2,0.275229,0,1,4.89102,1
1208,284,36,125,108,1,36,0,108,0,1,12,0.240404,0,1,4.5828,1
1209,94,36,45,107,1,36,0,108,0,1,3,0.259206,0,1,4.08429,1
1210,145,36,15,108,1,36,0,108,0,1,5,0.259259,0,1,4.66654,1
1211,138,36,49,108,1,36,0,108,2,1,2,0.272171,0,1,4.87226,1
1212,97,36,80,110,1,36,0,108,0,1,2,0.278056,0,1,4.56424,1
1213,181,36,172,108,1,36,0,108,0,1,11,0.235984,0,1,4.61314,1
1214,208,36,193,107,1,36,0,108,0,1,14,0.250334,0,1,4.75151,1
1215,139,36,55,110,1,36,0,108,0,1,9,0.236364,0,1,4.62754,1
1216,90,36,4,108,1,36,0,108,0,1,1,0.28,0,1,4.94369,1
1217,29,29,7,109,1,29,0,108,0,7,0,0.248672,0.158044,0.939916,4.39472,1
1218,149,36,7,108,1,36,0,108,0,1,6,0.27027,0,1,4.48612,1
1219,121,36,114,107,1,36,0,108,0,1,6,0.27193,0,1,4.50188,1
1220,9,8,1,109,1,8,0,108,6,11,1,0.28,0.187743,0.919219,5.71755,1
1221,167,36,1,108,1,36,0,108,0,1,4,0.245791,0,1,4.60392,1
1222,39,36,16,109,1,36,0,108,0,7,1,0.28,0.170547,0.929905,4.79444,1
1223,48,36,41,106,1,36,0,108,0,1,1,0.255106,0,1,4.787,1
1224,12,12,6,106,1,12,0,108,0,6,0,0.28,0.16162,0.936398,4.86257,1
1225,135,36,3,108,1,36,0,108,0,1,7,0.28,0,1,4.5278,1
1226,106,36,52,108,1,36,0,108,0,1,2,0.277873,0,1,4.79611,1
1227,135,36,131,108,1,36,0,108,0,1,7,0.247076,0,1,4.78781,1
1228,117,36,4,109,1,36,0,108,0,1,3,0.249345,0,1,4.76936,1
1229,234,36,27,107,1,36,0,108,0,1,9,0.228824,0,1,4.76722,1
1230,109,36,4,108,1,36,0,108,0,1,4,0.229665,0,1,4.6883,1
1231,150,36,42,108,1,36,0,108,0,1,3,0.266284,0,1,4.50032,1
1232,46,36,38,105,1,36,0,108,0,1,1,0.28,0,1,4.76927,1
1233,93,36,45,107,1,36,0,108,2,1,1,0.245413,0,1,4.58531,1
1234,235,36,151,108,1,36,0,108,0,1,15,0.244378,0,1,4.66685,1
1235,17,15,14,103,1,15,0,108,3,6,2,0.252427,0.155027,0.922204,5.71039,1
1236,163,36,96,108,1,36,0,108,0,1,5,0.25,0,1,4.66963,1
1237,260,36,233,108,1,36,0,108,0,1,12,0.236971,0,1,4.6633,1
1238,213,36,195,107,1,36,0,108,0,1,20,0.216216,0,1,4.6365,1
1239,110,36,70,104,1,36,0,108,0,1,2,0.254396,0,1,4.54285,1
1240,117,36,52,109,1,36,0,108,0,1,8,0.226134,0,1,4.52173,1
1241,10,10,9,110,1,10,0,108,0,12,0,0.28,0.142245,0.938213,4.82312,1
1242,125,36,22,107,1,36,0,108,0,1,5,0.240333,0,1,4.88247,1
1243,121,36,34,107,1,36,0,108,0,1,7,0.255452,0,1,4.49216,1
1244,150,36,10,108,1,36,0,108,0,1,4,0.251502,0,1,4.5498,1
1245,174,36,2,108,1,36,0,108,0,1,9,0.254671,0,1,5.19366,1
1246,129,36,78,108,1,36,0,108,0,1,5,0.272171,0,1,4.69296,1
1247,104,36,86,108,1,36,0,108,0,1,4,0.259259,0,1,4.63538,1
1248,114,36,73,109,1,36,0,108,0,1,5,0.247706,0,1,4.79845,1
1249,84,36,11,107,1,36,0,108,0,1,3,0.262659,0,1,4.99926,1
1250,23,23,17,107,1,23,0,108,0,5,0,0.222861,0.149084,0.934764,4.7322,1
1251,151,36,73,109,1,36,0,108,0,1,4,0.251086,0,1,4.63879,1
1252,40,34,1,104,1,34,0,108,2,1,6,0.28,0,1,5.19868,1
1253,128,36,88,109,1,36,0,108,0,1,8,0.22903,0,1,4.64055,1
1254,10,9,9,108,1,9,0,108,2,17,1,0.28,0.173211,0.922929,5.50426,1
1255,46,36,1,111,1,36,0,108,0,1,3,0.28,0,1,4.74583,1
1256,137,36,54,106,1,36,0,108,0,1,6,0.222709,0,1,4.7303,1
1257,106,36,5,108,1,36,0,108,0,1,4,0.222222,0,1,4.76995,1
1258,210,36,37,108,1,36,0,108,0,1,17,0.25,0,1,4.73873,1
1259,127,36,108,109,1,36,0,108,0,1,8,0.242023,0,1,4.77726,1
1260,98,36,23,109,1,36,0,108,0,1,9,0.28,0,1,4.80498,1
1261,84,36,59,107,1,36,0,108,0,1,1,0.261682,0,1,4.96143,1
1262,132,36,67,107,1,36,0,108,0,1,7,0.225225,0,1,4.6154,1
1263,94,36,2,108,1,36,0,108,0,1,5,0.231128,0,1,4.67962,1
1264,131,36,130,110,1,36,0,108,0,1,3,0.28,0,1,4.78554,1
1265,82,36,46,104,1,36,0,108,0,1,4,0.28,0,1,4.75287,1
1266,14,14,11,108,1,14,0,108,0,7,0,0.212963,0.12115,0.944845,4.52694,1
1267,34,34,5,106,1,34,0,108,0,3,0,0.259684,0.151079,0.929213,4.76393,1
1268,47,36,10,107,1,36,0,108,0,1,0,0.28,0,1,4.44436,1
1269,107,36,80,110,1,36,0,108,0,1,6,0.275501,0,1,4.80122,1
1270,68,36,43,106,1,36,0,108,0,1,4,0.230019,0,1,4.91328,1
1271,124,36,38,110,1,36,0,108,0,1,8,0.223052,0,1,4.74698,1
1272,37,34,20,107,1,34,0,108,0,4,3,0.209242,0.143117,0.934934,4.76367,1
1273,180,36,16,109,1,36,0,108,0,1,6,0.229358,0,1,4.76725,1
1274,164,36,121,108,1,36,0,108,0,1,8,0.256881,0,1,4.54842,1
1275,110,36,13,108,1,36,0,108,0,1,4,0.243119,0,1,4.46409,1
1276,153,36,13,104,1,36,0,108,1,1,5,0.269231,0,1,4.73823,1
1277,130,36,89,108,1,36,0,108,0,1,2,0.252666,0,1,4.5499,1
1278,129,36,22,107,1,36,0,108,0,1,6,0.243961,0,1,4.83523,1
1279,43,36,19,107,1,36,0,108,0,1,2,0.28,0,1,4.79651,1
1280,72,36,69,109,1,36,0,108,2,1,4,0.244884,0,1,4.64469,1
1281,114,36,1,108,1,36,0,108,0,1,6,0.263533,0,1,4.72882,1
1282,63,36,30,109,1,36,0,108,0,1,2,0.28,0,1,4.97306,1
1283,96,36,21,105,1,36,0,108,0,1,6,0.257494,0,1,4.64693,1
1284,201,36,134,108,1,36,0,108,0,1,7,0.231313,0,1,4.70062,1
1285,172,36,63,108,1,36,0,108,0,1,12,0.239975,0,1,4.58832,1
1286,30,28,4,108,1,28,0,108,0,9,2,0.28,0.18854,0.927811,4.34586,1
1287,138,36,112,107,1,36,0,108,0,1,3,0.272785,0,1,4.91234,1
1288,128,36,100,106,1,36,0,108,0,1,10,0.241037,0,1,4.7031,1
1289,74,36,73,104,1,36,0,108,0,1,5,0.227751,0,1,4.93165,1
1290,64,36,42,106,1,36,0,108,2,1,6,0.251502,0,1,5.04725,1
1291,176,36,122,107,1,36,0,108,0,1,7,0.220646,0,1,4.54302,1
1292,121,36,18,107,1,36,0,108,0,1,14,0.28,0,1,4.82568,1
1293,32,29,16,107,1,29,0,108,2,7,3,0.28,0.192213,0.920512,5.05151,1
1294,178,36,157,107,1,36,0,108,0,1,10,0.255848,0,1,4.6711,1
1295,126,36,68,109,1,36,0,108,0,1,8,0.250459,0,1,4.84944,1
1296,73,36,4,104,1,36,0,108,0,1,7,0.228322,0,1,4.6983,1
1297,86,36,30,107,1,36,0,108,0,1,11,0.233604,0,1,4.84642,1
1298,161,36,3,108,1,36,0,108,4,1,9,0.28,0,1,5.27717,1
1299,133,36,51,107,1,36,0,108,0,1,3,0.250812,0,1,4.62734,1
1300,190,36,12,108,1,36,0,108,0,1,5,0.270781,0,1,4.98281,1
1301,149,36,52,106,1,36,0,108,0,1,5,0.253556,0,1,4.79764,1
1302,132,36,29,107,1,36,0,108,0,1,8,0.258929,0,1,4.63607,1
1303,185,36,32,108,1,36,0,108,0,1,6,0.231777,0,1,4.60733,1
1304,146,36,95,108,1,36,0,108,0,1,8,0.234985,0,1,4.46514,1
1305,49,36,13,107,1,36,0,108,0,1,1,0.28,0,1,4.4494,1
1306,398,36,223,108,1,36,0,108,0,1,22,0.261261,0,1,4.3676,1
1307,123,36,28,107,1,36,0,108,0,1,1,0.28,0,1,4.58963,1
1308,36,36,24,107,1,36,0,108,0,6,0,0.28,0.178714,0.924853,4.85185,1
1309,175,36,133,108,1,36,0,108,0,1,12,0.28,0,1,4.48456,1
1310,54,36,22,105,1,36,0,108,0,1,0,0.28,0,1,4.39106,1
1311,17,17,16,108,1,17,0,108,2,7,0,0.28,0.173081,0.92313,6.01901,1
1312,27,24,15,107,1,24,0,108,3,4,3,0.261682,0.142925,0.93167,6.47939,1
1313,110,36,84,106,1,36,0,108,0,1,5,0.228717,0,1,5.06634,1
1314,92,36,48,108,1,36,0,108,0,1,3,0.236393,0,1,4.65146,1
1315,186,36,71,106,1,36,0,108,0,1,10,0.226067,0,1,4.76308,1
1316,57,36,14,107,1,36,0,108,0,1,4,0.242991,0,1,4.72358,1
1317,138,36,87,108,1,36,0,108,0,1,8,0.28,0,1,4.68028,1
1318,117,36,12,107,1,36,0,108,0,1,10,0.237043,0,1,4.88298,1
1319,159,36,57,107,1,36,0,108,0,1,7,0.27397,0,1,4.52094,1
1320,168,36,91,106,1,36,0,108,0,1,15,0.224026,0,1,4.53349,1
1321,56,36,35,108,1,36,0,108,0,1,3,0.28,0,1,4.60176,1
1322,89,36,34,106,1,36,0,108,0,1,2,0.28,0,1,4.77776,1
1323,145,36,32,110,1,36,0,108,0,1,7,0.238658,0,1,4.53352,1
1324,110,36,73,108,1,36,0,108,0,1,3,0.268519,0,1,4.61085,1
1325,99,36,34,108,1,36,0,108,0,1,4,0.252803,0,1,4.34283,1
1326,168,36,79,108,1,36,0,108,0,1,3,0.214286,0,1,4.64853,1
1327,144,36,131,108,1,36,0,108,0,1,10,0.28,0,1,4.72602,1
1328,63,36,55,106,1,36,0,108,2,1,1,0.28,0,1,4.88614,1
1329,220,36,9,108,1,36,0,108,0,1,10,0.242512,0,1,4.70287,1
1330,62,36,10,107,1,36,0,108,0,1,4,0.28,0,1,4.46323,1
1331,36,35,4,109,1,35,0,108,0,4,1,0.272144,0.14122,0.940684,4.61524,1
1332,165,36,0,108,1,36,0,108,0,1,5,0.222222,0,1,4.37918,1
1333,19,19,1,104,1,19,0,108,0,1,0,0.275641,0.147809,0.940419,4.94451,1
1334,97,36,44,108,1,36,0,108,0,1,5,0.28,0,1,4.72377,1
1335,202,36,136,105,1,36,0,108,0,1,10,0.228834,0,1,4.52503,1
1336,140,36,25,108,1,36,0,108,0,1,1,0.240741,0,1,4.48765,1
1337,110,36,58,106,1,36,0,108,0,1,6,0.235849,0,1,4.49527,1
1338,90,36,72,107,1,36,0,108,0,1,5,0.28,0,1,4.91925,1
1339,156,36,104,109,1,36,0,108,0,1,7,0.254814,0,1,4.36015,1
1340,208,36,64,108,1,36,0,108,0,1,8,0.249158,0,1,4.66498,1
1341,94,36,17,108,1,36,0,108,0,1,1,0.250661,0,1,4.4082,1
1342,12,12,9,108,1,12,0,108,0,6,0,0.243243,0.135317,0.942944,4.85323,1
1343,187,36,56,107,1,36,0,108,0,1,15,0.216469,0,1,4.61251,1
1344,21,19,13,107,1,19,0,108,0,5,2,0.22528,0.123629,0.944042,4.43844,1
1345,152,36,106,107,1,36,0,108,0,1,5,0.28,0,1,4.48172,1
1346,163,36,126,108,1,36,0,108,0,1,5,0.231481,0,1,4.47591,1
1347,176,36,127,109,1,36,0,108,0,1,8,0.246301,0,1,4.55227,1
1348,113,36,60,105,1,36,0,108,0,1,7,0.243758,0,1,4.836,1
1349,59,36,11,106,1,36,0,108,0,1,7,0.194146,0,1,4.93673,1
1350,114,36,61,110,1,36,0,108,0,1,3,0.259898,0,1,4.45004,1
1351,140,36,74,107,1,36,0,108,0,1,7,0.238892,0,1,4.57804,1
1352,37,36,25,106,1,36,0,108,2,5,1,0.268346,0.15708,0.929755,5.21028,1
1353,144,36,87,108,1,36,0,108,0,1,7,0.244244,0,1,4.39148,1
1354,17,16,11,107,1,16,0,108,0,6,1,0.262382,0.1517,0.934135,4.7395,1
1355,74,36,50,106,1,36,0,108,0,1,4,0.248281,0,1,4.45902,1
1356,125,36,91,106,1,36,0,108,0,1,3,0.260913,0,1,4.7284,1
1357,18,15,7,109,1,15,0,108,0,4,3,0.190488,0.116745,0.947161,4.77318,1
1358,118,36,60,104,1,36,0,108,0,1,6,0.26574,0,1,4.79585,1
1359,124,36,54,107,1,36,0,108,0,1,9,0.28,0,1,4.60315,1
1360,37,36,20,103,1,36,0,108,0,4,1,0.28,0.172906,0.928792,4.99413,1
1361,65,36,29,107,1,36,0,108,0,1,4,0.248277,0,1,4.40161,1
1362,193,36,85,107,1,36,0,108,0,1,10,0.242991,0,1,4.63816,1
1363,109,36,7,108,1,36,0,108,0,1,6,0.22973,0,1,5.04416,1
1364,65,36,36,108,1,36,0,108,0,1,4,0.240741,0,1,4.53756,1
1365,130,36,81,108,1,36,0,108,0,1,11,0.25,0,1,4.26236,1
1366,85,36,6,109,1,36,0,108,0,1,5,0.28,0,1,4.80433,1
1367,101,36,54,108,1,36,0,108,0,1,4,0.23913,0,1,4.92717,1
1368,83,36,31,105,1,36,0,108,0,1,3,0.27044,0,1,4.55098,1
1369,137,36,32,109,1,36,0,108,0,1,12,0.219119,0,1,4.54779,1
1370,174,36,6,109,1,36,0,108,0,1,4,0.277764,0,1,4.5578,1
1371,19,17,5,111,1,17,0,108,0,6,2,0.207207,0.124499,0.946823,4.80553,1
1372,30,30,8,107,1,30,0,108,2,10,0,0.28,0.19181,0.91913,5.85931,1
1373,144,36,10,107,1,36,0,108,0,1,5,0.252336,0,1,4.66347,1
1374,138,36,19,108,1,36,0,108,0,1,4,0.245656,0,1,4.96031,1
1375,101,36,44,107,1,36,0,108,0,1,7,0.257536,0,1,4.71698,1
1376,117,36,14,106,1,36,0,108,0,1,3,0.240786,0,1,4.76416,1
1377,149,36,68,108,1,36,0,108,0,1,7,0.244244,0,1,4.86205,1
1378,176,36,61,108,1,36,0,108,0,1,10,0.241241,0,1,4.80839,1
1379,122,36,116,106,1,36,0,108,0,1,4,0.239164,0,1,4.82044,1
1380,139,36,18,108,1,36,0,108,0,1,8,0.261261,0,1,4.88434,1
1381,325,36,231,108,1,36,0,108,0,1,11,0.259259,0,1,4.68807,1
1382,71,36,48,108,1,36,0,108,0,1,9,0.28,0,1,4.42951,1
1383,138,36,62,110,1,36,0,108,0,1,3,0.245455,0,1,4.44439,1
1384,118,36,2,106,1,36,0,108,0,1,1,0.220263,0,1,4.48549,1
1385,136,36,99,106,1,36,0,108,0,1,8,0.245283,0,1,4.20678,1
1386,135,36,37,108,1,36,0,108,0,1,7,0.268519,0,1,4.40345,1
1387,84,36,63,105,1,36,0,108,0,1,5,0.257143,0,1,4.78468,1
1388,82,36,0,107,1,36,0,108,0,1,1,0.28,0,1,4.50095,1
1389,152,36,118,106,1,36,0,108,0,1,6,0.28,0,1,4.41965,1
1390,76,36,13,108,1,36,0,108,0,1,5,0.251502,0,1,4.71961,1
1391,25,24,1,105,1,24,0,108,0,5,1,0.243972,0.145445,0.932542,4.80006,1
1392,121,36,3,107,1,36,0,108,0,1,6,0.229697,0,1,4.46275,1
1393,23,22,1,111,1,22,0,108,0,8,1,0.252252,0.167804,0.935264,4.67639,1
1394,112,36,20,108,1,36,0,108,0,1,3,0.249012,0,1,4.52619,1
1395,85,36,71,110,1,36,0,108,0,1,4,0.245455,0,1,4.41415,1
1396,20,19,11,108,1,19,0,108,0,7,1,0.269303,0.177929,0.927099,4.89114,1
1397,31,30,17,105,1,30,0,108,2,2,1,0.262639,0.169179,0.926127,5.02278,1
1398,60,36,7,108,1,36,0,108,0,1,6,0.231481,0,1,4.8347,1
1399,111,36,43,108,1,36,0,108,0,1,2,0.267113,0,1,4.46451,1
1400,131,36,26,110,1,36,0,108,0,1,1,0.265734,0,1,4.49286,1
1401,86,36,8,107,1,36,0,108,0,1,2,0.252336,0,1,4.16811,1
1402,30,30,2,108,1,30,0,108,1,6,0,0.28,0.173417,0.923562,5.9416,1
1403,185,36,115,105,1,36,0,108,0,1,5,0.270785,0,1,4.83494,1
1404,107,36,58,108,1,36,0,108,0,1,4,0.268519,0,1,4.34216,1
1405,40,36,0,105,1,36,0,108,2,1,1,0.274131,0,1,5.57858,1
1406,344,36,62,108,1,36,0,108,0,1,15,0.234513,0,1,5.02057,1
1407,89,36,49,104,1,36,0,108,0,1,3,0.232906,0,1,4.64,1
1408,88,36,40,108,1,36,0,108,0,1,4,0.262168,0,1,4.72487,1
1409,116,36,49,108,1,36,0,108,0,1,6,0.28,0,1,4.65841,1
1410,155,36,67,108,1,36,0,108,0,1,6,0.28,0,1,4.97977,1
1411,400,36,102,108,1,36,0,108,0,1,32,0.248983,0,1,5.0243,1
1412,111,36,21,107,1,36,0,108,0,1,2,0.251831,0,1,4.5513,1
1413,11,11,7,115,1,11,0,108,0,17,0,0.269565,0.174704,0.926969,4.87313,1
1414,24,22,15,109,1,22,0,108,2,9,2,0.278396,0.174452,0.928686,5.51274,1
1415,149,36,16,108,1,36,0,108,0,1,4,0.28,0,1,4.49997,1
1416,21,21,12,107,1,21,0,108,0,7,0,0.252336,0.167077,0.927006,4.75348,1
1417,90,36,66,105,1,36,0,108,0,1,4,0.269565,0,1,4.64343,1
1418,138,36,31,107,1,36,0,108,0,1,2,0.271729,0,1,4.62717,1
1419,182,36,106,109,1,36,0,108,0,1,11,0.260985,0,1,4.79021,1
1420,79,36,71,107,1,36,0,108,0,1,2,0.271028,0,1,4.7424,1
1421,188,36,6,108,1,36,0,108,0,1,8,0.246807,0,1,4.73419,1
1422,51,36,44,106,1,36,0,108,0,1,6,0.215645,0,1,4.56829,1
1423,130,36,17,108,1,36,0,108,2,1,2,0.271662,0,1,4.98116,1
1424,162,36,86,108,1,36,0,108,0,1,3,0.28,0,1,4.92436,1
1425,151,36,121,108,1,36,0,108,0,1,3,0.277778,0,1,4.7944,1
1426,149,36,59,107,1,36,0,108,0,1,5,0.245942,0,1,4.42725,1
1427,31,30,28,109,1,30,0,108,0,3,1,0.27441,0.152418,0.934148,4.70346,1
1428,22,21,13,107,1,21,0,108,0,6,1,0.278936,0.163793,0.931209,4.71793,1
1429,118,36,98,107,1,36,0,108,0,1,4,0.28,0,1,4.63457,1
1430,84,36,71,108,1,36,0,108,0,1,1,0.25,0,1,5.0279,1
1431,23,22,1,106,1,22,0,108,0,4,1,0.28,0.181382,0.924756,4.65995,1
1432,126,36,28,107,1,36,0,108,0,1,6,0.28,0,1,4.69789,1
1433,125,36,123,106,1,36,0,108,0,1,3,0.273585,0,1,4.93572,1
1434,175,36,126,109,1,36,0,108,0,1,11,0.220346,0,1,4.50523,1
1435,11,11,1,109,1,11,0,108,0,4,0,0.222356,0.155195,0.937911,4.81535,1
1436,37,36,24,105,1,36,0,108,1,4,1,0.26752,0.151923,0.93225,5.30383,1
1437,111,36,6,107,1,36,0,108,0,1,7,0.230697,0,1,4.55455,1
1438,259,36,166,108,1,36,0,108,0,1,20,0.246807,0,1,5.02514,1
1439,420,36,31,108,1,36,0,108,0,1,14,0.240741,0,1,4.56981,1
1440,87,36,78,104,1,36,0,108,0,1,6,0.246561,0,1,4.53831,1
1441,149,36,40,107,1,36,0,108,0,1,9,0.25276,0,1,4.33676,1
1442,69,36,27,109,1,36,0,108,0,1,0,0.257494,0,1,4.689,1
1443,142,36,46,108,1,36,0,108,0,1,7,0.242938,0,1,4.41956,1
1444,40,36,8,111,1,36,0,108,0,1,1,0.28,0,1,4.4607,1
1445,146,36,9,108,1,36,0,108,0,1,10,0.234674,0,1,4.5904,1
1446,138,36,102,107,1,36,0,108,0,1,12,0.215638,0,1,4.55966,1
1447,137,36,5,107,1,36,0,108,0,1,5,0.26217,0,1,4.39499,1
1448,159,36,16,108,1,36,0,108,0,1,5,0.260684,0,1,4.70264,1
1449,18,15,7,111,1,15,0,108,3,12,3,0.28,0.203679,0.916721,5.59664,1
1450,35,33,0,111,1,33,0,108,2,11,2,0.28,0.192199,0.915125,5.35523,1
1451,15,14,14,114,1,14,0,108,0,13,1,0.201754,0.136412,0.948977,4.77194,1
1452,91,36,41,107,1,36,0,108,0,1,2,0.265576,0,1,4.56126,1
1453,114,36,43,108,1,36,0,108,0,1,1,0.268519,0,1,4.60415,1
1454,134,36,20,107,1,36,0,108,0,1,6,0.243803,0,1,4.68365,1
1455,97,36,75,107,1,36,0,108,0,1,5,0.246807,0,1,4.76336,1
1456,288,36,105,108,1,36,0,108,0,1,11,0.240741,0,1,4.78074,1
1457,12,12,8,104,1,12,0,108,0,6,0,0.28,0.165988,0.927217,5.05262,1
1458,142,36,83,109,1,36,0,108,0,1,8,0.223371,0,1,4.55651,1
1459,95,36,77,107,1,36,0,108,0,1,2,0.28,0,1,4.70599,1
1460,211,36,102,108,1,36,0,108,0,1,38,0.28,0,1,4.63153,1
1461,57,36,47,110,1,36,0,108,0,1,1,0.254545,0,1,4.95872,1
1462,16,16,0,107,1,16,0,108,0,5,0,0.28,0.144801,0.938204,4.77763,1
1463,163,36,138,107,1,36,0,108,0,1,6,0.28,0,1,4.66627,1
1464,53,36,49,107,1,36,0,108,0,1,5,0.248297,0,1,4.72998,1
1465,161,36,146,109,1,36,0,108,0,1,8,0.247706,0,1,4.49227,1
1466,157,36,44,106,1,36,0,108,0,1,4,0.231151,0,1,4.49573,1
