coverage,total_indel_pct,delta_success_mean,delta_success_sd,delta_ed_mean,delta_ed_sd,seeds
5,2.0,6.227964743589746,0.15097310642161196,0.06608573717948718,0.001406529621918426,5
5,4.0,9.258814102564102,0.2555166469778598,0.1226161858974359,0.0026208706754370877,5
5,6.0,17.459935897435894,0.12617807314321774,0.2916866987179487,0.0036653727600905995,5
5,8.0,12.345753205128204,0.5413566886575268,0.2426482371794872,0.015378530228093755,5
5,10.0,10.627003205128206,0.7291776732051817,0.11895032051282048,0.023672659944364776,5
6,2.0,0.3545673076923066,0.034406177959374354,0.0036458333333333334,0.00036527609232392763,5
6,4.0,1.243990384615381,0.16929750112340583,0.01682692307692308,0.0024909515455620776,5
6,6.0,4.0685096153846185,0.2630422681279006,0.06762820512820512,0.0038254137903803703,5
6,8.0,6.760817307692309,1.072299632214878,0.13353365384615384,0.019334224634459753,5
6,10.0,-4.248798076923075,0.8603118865768655,-0.13191105769230768,0.02182183762331162,5
7,2.0,0.1662660256410277,0.04676529459105951,0.001682692307692308,0.00047720870390911846,5
7,4.0,0.34054487179486725,0.05531530958126679,0.004346955128205128,0.0006436806495616838,5
7,6.0,1.1418269230769256,0.08986557714807404,0.01830929487179487,0.0017894800828627642,5
7,8.0,3.6618589743589753,0.15298639010514506,0.0650040064102564,0.002997286259504206,5
7,10.0,-7.810496794871796,0.9100098115741397,-0.15594951923076922,0.020476220564400262,5
8,2.0,0.012019230769232081,0.008380008278590239,0.00012019230769230767,8.380008278586493e-05,5
8,4.0,0.05608974358974308,0.008958605679089586,0.0008012820512820514,0.00010016025641025643,5
8,6.0,0.26642628205128177,0.10253592862234981,0.004286858974358975,0.001494705168225588,5
8,8.0,1.087740384615384,0.11948073284011669,0.01967147435897436,0.0018585058780545057,5
8,10.0,-3.219150641025641,0.6978446188598268,-0.04919871794871795,0.013912977087561824,5
9,2.0,0.0,0.0,0.0,0.0,5
9,4.0,0.004006410256408799,0.0054860031801378896,4.0064102564102564e-05,5.486003180139884e-05,5
9,6.0,0.0701121794871824,0.03245563250404383,0.001141826923076923,0.0005421622036347899,5
9,8.0,0.30649038461538963,0.11884933472909327,0.005528846153846153,0.0018930023485460659,5
9,10.0,0.9695512820512817,0.13351779194297098,0.017588141025641026,0.0031455742734450274,5
10,2.0,0.0,0.0,0.0,0.0,5
10,4.0,0.0,0.0,0.0,0.0,5
10,6.0,0.03004807692307736,0.024534152071148292,0.0005208333333333334,0.0004611724532540601,5
10,8.0,0.06009615384615188,0.03541199825653601,0.0010817307692307693,0.0006696520292646947,5
10,10.0,0.17427884615384528,0.05375163407450998,0.0035857371794871793,0.0007899336599811844,5
12,2.0,0.0,0.0,0.0,0.0,5
12,4.0,0.0,0.0,0.0,0.0,5
12,6.0,0.004006410256408799,0.0054860031801378896,4.0064102564102564e-05,5.486003180139884e-05,5
12,8.0,-0.016025641025638037,0.016760016557171988,-0.00014022435897435896,0.00025140024835759484,5
12,10.0,-0.13621794871794463,0.04622588445197859,-0.0020232371794871792,0.0006917586798810902,5
15,2.0,0.0,0.0,0.0,0.0,5
15,4.0,0.0,0.0,0.0,0.0,5
15,6.0,0.0020032051282043994,0.004479302839541218,2.0032051282051282e-05,4.479302839542848e-05,5
15,8.0,-0.008012820512823282,0.010972006360283561,-0.00014022435897435896,0.00019524828415082057,5
15,10.0,-0.08814102564102769,0.05412362213984529,-0.001442307692307692,0.0008307869131942195,5
20,2.0,0.0,0.0,0.0,0.0,5
20,4.0,0.0,0.0,0.0,0.0,5
20,6.0,0.0,0.0,0.0,0.0,5
20,8.0,-0.0020032051282043994,0.004479302839541219,-4.0064102564102564e-05,8.958605679085696e-05,5
20,10.0,-0.050080128205132725,0.030048076923073097,-0.0006610576923076922,0.000261185993798183,5
