coverage,total_indel_pct,method,success_pct_mean,success_pct_sd,mean_ed_mean,mean_ed_sd,runtime_s_mean,runtime_s_sd,seeds
5,2.0,BBS,89.54527243589743,0.1850120174522213,0.19364983974358976,0.00851821614344439,1.8885837249457835,0.1503818092714803,5
5,2.0,CCP-DP,99.9919871794872,0.00838000827858854,8.012820512820513e-05,8.380008278586493e-05,1.0055503964424133,0.030583176418823594,5
5,2.0,CPL,93.76402243589743,0.14473070407202265,0.06616586538461537,0.0013579012283719812,1.4402901008725166,0.021833383380433592,5
5,4.0,BBS,64.83573717948718,0.3538649243238839,1.121955128205128,0.029857132357622742,2.189074295014143,0.07120235811745262,5
5,4.0,CCP-DP,99.78365384615384,0.0241217840120021,0.0029046474358974356,0.00032455632504045775,1.3981665819883347,0.01677766076309231,5
5,4.0,CPL,90.52483974358975,0.2704326923076926,0.12552083333333336,0.002747021713137226,1.5430570170283318,0.017927785386099633,5
5,6.0,BBS,33.1650641025641,0.4375868519677899,3.224198717948718,0.06758912510635492,2.240435049682856,0.12460683853682028,5
5,6.0,CCP-DP,98.85616987179488,0.10680108383466647,0.018649839743589743,0.0019594070159584536,2.657718808203936,0.05415628669254659,5
5,6.0,CPL,81.39623397435898,0.12360765840524739,0.31033653846153847,0.002552220126249788,1.6981999933719636,0.016351843886369608,5
5,8.0,BBS,11.885016025641026,0.41452311665608593,5.90146233974359,0.05199877373544931,2.182857260107994,0.17411221424169537,5
5,8.0,CCP-DP,77.40785256410257,0.4856274964143469,0.43353365384615383,0.01288482965601908,2.9729216918349266,0.03324424018291799,5
5,8.0,CPL,65.06209935897435,0.21811031374991124,0.6761818910256411,0.0069886455554745,1.8679451309144497,0.02932473828202291,5
5,10.0,BBS,2.9747596153846154,0.1651885266673742,8.758012820512821,0.10429128682561764,2.214663490653038,0.037481446790089225,5
5,10.0,CCP-DP,55.456730769230774,0.6165512633400948,1.1053084935897437,0.021186747303629128,3.048789941519499,0.03220219571582324,5
5,10.0,CPL,44.82972756410256,0.25618323032468276,1.2242588141025643,0.009611732245699835,2.0298315294086935,0.009024710958137172,5
6,2.0,BBS,95.98557692307693,0.15683957637069862,0.06398237179487179,0.007685105302040545,2.2202182464301585,0.14892257350953417,5
6,2.0,CCP-DP,99.98998397435898,0.007082399651310015,0.00016025641025641026,0.00011420026293060276,1.0607070624828339,0.023177006992913113,5
6,2.0,CPL,99.63541666666667,0.03440617795937601,0.003806089743589743,0.00036801228106718415,1.8929452195763588,0.05244522983474988,5
6,4.0,BBS,81.39623397435898,0.6508336082733251,0.5389222756410257,0.04063419019507112,2.3704011544585226,0.13907119997192158,5
6,4.0,CCP-DP,99.97796474358974,0.00838000827858854,0.0003605769230769231,0.00018195014147220505,1.066004029661417,0.008282484942964958,5
6,4.0,CPL,98.73397435897436,0.16603658481652525,0.0171875,0.002401340841905611,2.0325800396502016,0.04355077385566479,5
6,6.0,BBS,52.79847756410256,0.3324656734028451,1.981330128205128,0.029545289345448363,2.2887262292206287,0.13876438419188947,5
6,6.0,CCP-DP,99.609375,0.0810617691117733,0.005889423076923077,0.0014330269203909787,2.0037803016602993,0.05762334712151068,5
6,6.0,CPL,95.54086538461539,0.18541825087138913,0.07351762820512821,0.002424623084316946,2.2290401473641395,0.05657812459201638,5
6,8.0,BBS,24.13661858974359,0.5356186189298509,4.38301282051282,0.06398080853570506,2.4815413638949395,0.10609371161234886,5
6,8.0,CCP-DP,94.27884615384616,0.8303762483966052,0.09264823717948718,0.014916313852618107,3.0641521282494066,0.03385526586705644,5
6,8.0,CPL,87.51802884615385,0.38580555454447046,0.22618189102564107,0.007361404087356434,2.408359221369028,0.033651984757935675,5
6,10.0,BBS,7.908653846153847,0.30111444934136467,7.1757411858974365,0.06137595442321404,2.3892507672309877,0.17481727064533367,5
6,10.0,CCP-DP,69.59334935897436,0.5718089299898823,0.6406850961538462,0.016515451376313616,3.1270315259695054,0.026770349587812294,5
6,10.0,CPL,73.84214743589743,0.44357538874269364,0.5087740384615385,0.009866064887681023,2.6707858674228193,0.037590942890934696,5
7,2.0,BBS,98.4395032051282,0.10935371846118687,0.022095352564102562,0.006076269649318455,2.3162900574505327,0.11266142225071168,5
7,2.0,CCP-DP,100.0,0.0,0.0,0.0,1.1106813453137874,0.015823653342088954,5
7,2.0,CPL,99.83373397435898,0.04676529459105952,0.001682692307692308,0.00047720870390911846,2.440702994167805,0.053901277270566275,5
7,4.0,BBS,90.33052884615384,0.43142221073586245,0.24741586538461538,0.022957399368535993,2.3953163526952266,0.10256161828495709,5
7,4.0,CCP-DP,99.99198717948718,0.010972006360283563,0.0001201923076923077,0.00016458009540419656,1.1454914487898349,0.01823601596379393,5
7,4.0,CPL,99.65144230769232,0.05639298181193627,0.004467147435897436,0.0005692416762172605,2.6758476115763186,0.07205020098442355,5
7,6.0,BBS,68.89423076923079,0.29961145618179646,1.176903044871795,0.030618860965626514,2.5212579421699046,0.10911374774613548,5
7,6.0,CCP-DP,99.83573717948718,0.0696095767383612,0.0022836538461538463,0.0009053290495574252,1.5590963207185269,0.0370430170516365,5
7,6.0,CPL,98.69391025641025,0.10056009934304092,0.020592948717948718,0.0016543127261268093,2.896395926177502,0.048720452586656665,5
7,8.0,BBS,39.17467948717949,0.6105012066923209,3.129847756410256,0.013218991118272776,2.5071967892348765,0.07927625876014098,5
7,8.0,CCP-DP,99.28485576923077,0.11411238276142734,0.012259615384615384,0.001973690828165991,2.8357710249722006,0.0660960953475,5
7,8.0,CPL,95.6229967948718,0.06374159686176502,0.07726362179487181,0.0011736286325666702,3.204485312104225,0.07913192401156068,5
7,10.0,BBS,15.941506410256412,0.19964328633500555,5.733994391025641,0.04259493168884794,2.5769912995398045,0.10234004652726872,5
7,10.0,CCP-DP,81.08373397435898,0.644249268714009,0.3618589743589743,0.015505668218434458,3.2461618334054947,0.029473370080692975,5
7,10.0,CPL,88.89423076923076,0.34886839600240205,0.20590945512820516,0.007468288846696181,3.5224767535924912,0.08327507084242801,5
8,2.0,BBS,99.40705128205127,0.057275554709519075,0.006390224358974359,0.0004213878999992513,2.4589316606521607,0.17748905658325168,5
8,2.0,CCP-DP,100.0,0.0,0.0,0.0,1.1951400257647038,0.05340946562442176,5
8,2.0,CPL,99.98798076923076,0.008380008278590239,0.00012019230769230767,8.380008278586493e-05,3.244857262074947,0.22907073348566687,5
8,4.0,BBS,95.2764423076923,0.21052723345851165,0.11107772435897437,0.009191033895965093,2.3739062681794167,0.19086880694303068,5
8,4.0,CCP-DP,100.0,0.0,0.0,0.0,1.2749684534966945,0.045344483861625026,5
8,4.0,CPL,99.94391025641025,0.008958605679089586,0.0008012820512820514,0.00010016025641025643,3.63556100577116,0.139249246694889,5
8,6.0,BBS,80.46875,0.32199614194067777,0.6938501602564102,0.018448475185526315,2.4154366880655287,0.17886008076488014,5
8,6.0,CCP-DP,99.94190705128206,0.03569417003446545,0.0007612179487179486,0.0005281020162846181,1.3433150060474872,0.027583487051046015,5
8,6.0,CPL,99.67548076923076,0.0824727117397362,0.0050480769230769225,0.001082472442796979,3.840863060206175,0.05005015720774528,5
8,8.0,BBS,53.06690705128206,0.5254071391054931,2.1939102564102564,0.03993418438546164,2.4970543786883352,0.17653573597281375,5
8,8.0,CCP-DP,99.64743589743591,0.053658234118503616,0.005849358974358974,0.0008487067373523581,2.439142843335867,0.03740746880706156,5
8,8.0,CPL,98.55969551282051,0.1247789383204924,0.025520833333333333,0.0018622805928519431,4.2044042579829695,0.032381716310232206,5
8,10.0,BBS,25.681089743589745,0.5364421009924262,4.527564102564103,0.046789068057096955,2.5966088250279427,0.06862124041553648,5
8,10.0,CCP-DP,92.421875,0.6311924211189577,0.1288661858974359,0.01261375179065755,3.4581243440508844,0.03903979497794028,5
8,10.0,CPL,95.64102564102564,0.1202757456112054,0.07966746794871796,0.002035004022307738,4.592744234204292,0.06406945825413685,5
9,2.0,BBS,99.80568910256412,0.05328299710845572,0.002103365384615385,0.0006051204914660744,2.52494503185153,0.12771095367131166,5
9,2.0,CCP-DP,100.0,0.0,0.0,0.0,1.2683488704264163,0.016447872341823613,5
9,2.0,CPL,100.0,0.0,0.0,0.0,3.971411757171154,0.012010278249903491,5
9,4.0,BBS,97.6963141025641,0.1490672682906355,0.04859775641025641,0.006688800612748252,2.4864140205085277,0.13856406678381353,5
9,4.0,CCP-DP,100.0,0.0,0.0,0.0,1.3249984480440617,0.021423413892322794,5
9,4.0,CPL,99.99599358974359,0.0054860031801378896,4.0064102564102564e-05,5.486003180139884e-05,4.346635042130947,0.03202442066285823,5
9,6.0,BBS,88.3233173076923,0.16016248249006157,0.38521634615384615,0.013980879356101143,2.6505275800824166,0.13653796367637527,5
9,6.0,CCP-DP,99.99399038461539,0.008958605679087997,8.012820512820513e-05,0.00013059299689909153,1.3599502690136434,0.008730189260284562,5
9,6.0,CPL,99.9238782051282,0.03787594231007206,0.001221955128205128,0.0006108954600151003,4.741430196911097,0.07066408307744786,5
9,8.0,BBS,65.58693910256412,0.40471436914690245,1.5005008012820515,0.03742175377377731,2.675158043950796,0.08013202935283711,5
9,8.0,CCP-DP,99.80568910256412,0.060760219904258665,0.003205128205128205,0.0010263372161417865,2.1656852431595324,0.027731594895857838,5
9,8.0,CPL,99.49919871794872,0.0861611104471376,0.00873397435897436,0.0015953488414166663,5.164431797713041,0.0747364431630071,5
9,10.0,BBS,37.04527243589744,0.4566692631775534,3.486438301282051,0.08996366687214102,2.687066230177879,0.06049514764897322,5
9,10.0,CCP-DP,99.05649038461539,0.16509740492098912,0.01682692307692308,0.003349757914301011,3.531898082047701,0.027848014310445493,5
9,10.0,CPL,98.08693910256412,0.06681522468012271,0.034415064102564105,0.0013374301188141431,5.586299549788237,0.023062859757754232,5
10,2.0,BBS,99.92988782051282,0.015836727064143262,0.0007411858974358974,0.00019524828415082055,2.644696769118309,0.17740698717870926,5
10,2.0,CCP-DP,100.0,0.0,0.0,0.0,1.3626162745058537,0.014503601544420833,5
10,2.0,CPL,100.0,0.0,0.0,0.0,4.700710257142783,0.030257421452320684,5
10,4.0,BBS,98.9102564102564,0.12213803030063317,0.016927083333333332,0.00442125569998863,2.7271779917180536,0.13836696074461774,5
10,4.0,CCP-DP,100.0,0.0,0.0,0.0,1.4011435441672802,0.004836931550093587,5
10,4.0,CPL,100.0,0.0,0.0,0.0,5.215683288872242,0.056494618855579985,5
10,6.0,BBS,93.07291666666667,0.11476984383518347,0.22626201923076925,0.014500943045452238,2.688858450204134,0.12595056711345867,5
10,6.0,CCP-DP,99.9979967948718,0.004479302839541218,4.0064102564102564e-05,8.958605679085696e-05,1.4568960547447205,0.024674601464166272,5
10,6.0,CPL,99.96794871794872,0.027793343200145114,0.0005608974358974359,0.0005281020162846181,5.844786931574345,0.02253282561249107,5
10,8.0,BBS,75.53485576923077,0.4542463637708213,1.012980769230769,0.05362703035441517,2.664545749872923,0.1417396089671305,5
10,8.0,CCP-DP,99.8838141025641,0.033669343577664754,0.002003205128205128,0.0007758380100575755,1.9354347109794616,0.042446333100622964,5
10,8.0,CPL,99.82371794871796,0.020769672829854445,0.0030849358974358978,0.00040931123280654155,6.302993875741959,0.11201555620748714,5
10,10.0,BBS,48.171073717948715,0.3379277024499881,2.6355368589743593,0.07051532447477195,2.6369980603456495,0.06776590055392806,5
10,10.0,CCP-DP,99.44310897435898,0.07905683998666155,0.00967548076923077,0.0013560529884676525,3.2597488820552827,0.06250318398071843,5
10,10.0,CPL,99.26883012820512,0.07394242317825274,0.013261217948717948,0.0012601895823358658,6.855206636339426,0.07544546573686682,5
12,2.0,BBS,99.98798076923076,0.008380008278590239,0.00012019230769230767,8.380008278586493e-05,2.7748286284506323,0.1437454343053042,5
12,2.0,CCP-DP,100.0,0.0,0.0,0.0,1.5433746844530105,0.008825270688240697,5
12,2.0,CPL,100.0,0.0,0.0,0.0,6.5181805022060875,0.020663079139866227,5
12,4.0,BBS,99.7295673076923,0.034696530600338796,0.003385416666666667,0.00031194734580123067,2.8091848850250245,0.13560354745522266,5
12,4.0,CCP-DP,100.0,0.0,0.0,0.0,1.596669477969408,0.01167655210329376,5
12,4.0,CPL,100.0,0.0,0.0,0.0,7.364846816658973,0.11355727705808513,5
12,6.0,BBS,97.59014423076923,0.042257658473017615,0.07273637820512821,0.016398531319600677,2.7412134267389776,0.21256123130893084,5
12,6.0,CCP-DP,100.0,0.0,0.0,0.0,1.6609839156270028,0.029969998539685013,5
12,6.0,CPL,99.99599358974359,0.0054860031801378896,4.0064102564102564e-05,5.486003180139884e-05,8.22143394947052,0.13178260062616415,5
12,8.0,BBS,88.35937500000001,0.21521640119555047,0.4082532051282051,0.01971058671254776,2.8685703314840794,0.08266240172556467,5
12,8.0,CCP-DP,99.95192307692307,0.017917211358169243,0.0006810897435897436,0.0003038010995212961,1.7600192368030547,0.015113945138185265,5
12,8.0,CPL,99.9679487179487,0.021714226150519926,0.0005408653846153846,0.00033669343577667494,8.876373191922903,0.0489206769324303,5
12,10.0,BBS,67.24158653846155,0.3991734941374342,1.4844350961538464,0.07801608326576226,2.8636770583689213,0.13812233770036805,5
12,10.0,CCP-DP,99.74358974358975,0.058660057950107654,0.004186698717948718,0.0010585759287352046,2.884972994029522,0.06017260575320517,5
12,10.0,CPL,99.8798076923077,0.03541199825653601,0.0021634615384615386,0.0007068220658805028,9.703321784734726,0.07040258587651552,5
15,2.0,BBS,100.0,0.0,0.0,0.0,2.7489726938307286,0.10702949779097357,5
15,2.0,CCP-DP,100.0,0.0,0.0,0.0,1.9024851150810718,0.03321134822170529,5
15,2.0,CPL,100.0,0.0,0.0,0.0,9.856433214992284,0.1244744750163624,5
15,4.0,BBS,99.96594551282051,0.01142002629305612,0.00040064102564102563,0.0001583672706414453,2.8548496551811695,0.1710032652131902,5
15,4.0,CCP-DP,100.0,0.0,0.0,0.0,1.9298643194139005,0.02312732737968594,5
15,4.0,CPL,100.0,0.0,0.0,0.0,11.175999490916729,0.15306284273218346,5
15,6.0,BBS,99.5232371794872,0.0803157860445883,0.010857371794871794,0.0051280681885262,2.9882943563163282,0.16461166732368177,5
15,6.0,CCP-DP,100.0,0.0,0.0,0.0,2.0147984378039836,0.0357652289618745,5
15,6.0,CPL,99.9979967948718,0.004479302839541218,2.0032051282051282e-05,4.479302839542848e-05,12.341234320402146,0.11558626140631208,5
15,8.0,BBS,96.47836538461539,0.19813005113003493,0.1101963141025641,0.005433359263150017,2.9646421924233435,0.11019492171825235,5
15,8.0,CCP-DP,99.99198717948718,0.010972006360283563,0.00014022435897435896,0.00019524828415082057,2.0313198901712894,0.046411515434988074,5
15,8.0,CPL,100.0,0.0,0.0,0.0,13.743461748957634,0.325250593990873,5
15,10.0,BBS,85.29847756410257,0.4008538096801441,0.610176282051282,0.06477221369235114,2.9356664538383486,0.08429073955152125,5
15,10.0,CCP-DP,99.90785256410257,0.05077640967802852,0.0015224358974358974,0.0007575188462014839,2.63175578340888,0.02113768573675035,5
15,10.0,CPL,99.9959935897436,0.0054860031801378896,8.012820512820513e-05,0.0001097200636027977,14.90832665786147,0.1836277607608884,5
20,2.0,BBS,100.0,0.0,0.0,0.0,2.999898535013199,0.21609573256922762,5
20,2.0,CCP-DP,100.0,0.0,0.0,0.0,2.5250242203474045,0.06485281376873828,5
20,2.0,CPL,100.0,0.0,0.0,0.0,16.96731013432145,0.13842178571240196,5
20,4.0,BBS,100.0,0.0,0.0,0.0,3.185321492701769,0.1063436495375731,5
20,4.0,CCP-DP,100.0,0.0,0.0,0.0,2.6086877040565013,0.05071110103191624,5
20,4.0,CPL,100.0,0.0,0.0,0.0,19.262829987704755,0.17592189270571115,5
20,6.0,BBS,99.95993589743588,0.022396514197715624,0.0005408653846153845,0.0003366934357766749,3.112781508266926,0.12328101198625416,5
20,6.0,CCP-DP,100.0,0.0,0.0,0.0,2.6878372959792616,0.03311763450370837,5
20,6.0,CPL,100.0,0.0,0.0,0.0,21.515942325443028,0.09473072528826558,5
20,8.0,BBS,99.47315705128206,0.08000290684180872,0.01344150641025641,0.0029622723913506027,3.00791075155139,0.3318984706606126,5
20,8.0,CCP-DP,99.9979967948718,0.004479302839541219,4.0064102564102564e-05,8.958605679085696e-05,2.7327693089842797,0.04942887606502666,5
20,8.0,CPL,100.0,0.0,0.0,0.0,24.209686951339243,0.34708428880539177,5
20,10.0,BBS,96.43629807692307,0.21591447763521798,0.12331730769230768,0.009098719993697452,2.964307855069637,0.1690101015822933,5
20,10.0,CCP-DP,99.94991987179488,0.030048076923073097,0.0006610576923076922,0.000261185993798183,2.7856515027582645,0.05037547094943897,5
20,10.0,CPL,100.0,0.0,0.0,0.0,26.131443664431572,0.14665114204287413,5
