condition_id,coverage,total_indel_pct,seed,clusters,decoded_clusters,decoded_fraction_pct,changed_clusters,log_path
cov05_indel02_seed2026,5,2.0,2026,9984,999,10.006009615384615,395,/mnt/st_data/zhangzixin/bbs-test-master/experiments/picture/coverage_ids_stress/stress_results_v82/cov05_indel02_seed2026/ccpdp.log
cov05_indel02_seed2027,5,2.0,2027,9984,999,10.006009615384615,374,/mnt/st_data/zhangzixin/bbs-test-master/experiments/picture/coverage_ids_stress/stress_results_v82/cov05_indel02_seed2027/ccpdp.log
cov05_indel02_seed2028,5,2.0,2028,9984,999,10.006009615384615,396,/mnt/st_data/zhangzixin/bbs-test-master/experiments/picture/coverage_ids_stress/stress_results_v82/cov05_indel02_seed2028/ccpdp.log
cov05_indel02_seed2029,5,2.0,2029,9984,999,10.006009615384615,380,/mnt/st_data/zhangzixin/bbs-test-master/experiments/picture/coverage_ids_stress/stress_results_v82/cov05_indel02_seed2029/ccpdp.log
cov05_indel02_seed2030,5,2.0,2030,9984,999,10.006009615384615,403,/mnt/st_data/zhangzixin/bbs-test-master/experiments/picture/coverage_ids_stress/stress_results_v82/cov05_indel02_seed2030/ccpdp.log
cov05_indel04_seed2026,5,4.0,2026,9984,1788,17.908653846153847,1772,/mnt/st_data/zhangzixin/bbs-test-master/experiments/picture/coverage_ids_stress/stress_results_v82/cov05_indel04_seed2026/ccpdp.log
cov05_indel04_seed2027,5,4.0,2027,9984,1778,17.80849358974359,1752,/mnt/st_data/zhangzixin/bbs-test-master/experiments/picture/coverage_ids_stress/stress_results_v82/cov05_indel04_seed2027/ccpdp.log
cov05_indel04_seed2028,5,4.0,2028,9984,1778,17.80849358974359,1758,/mnt/st_data/zhangzixin/bbs-test-master/experiments/picture/coverage_ids_stress/stress_results_v82/cov05_indel04_seed2028/ccpdp.log
cov05_indel04_seed2029,5,4.0,2029,9984,1722,17.247596153846153,1698,/mnt/st_data/zhangzixin/bbs-test-master/experiments/picture/coverage_ids_stress/stress_results_v82/cov05_indel04_seed2029/ccpdp.log
cov05_indel04_seed2030,5,4.0,2030,9984,1810,18.12900641025641,1780,/mnt/st_data/zhangzixin/bbs-test-master/experiments/picture/coverage_ids_stress/stress_results_v82/cov05_indel04_seed2030/ccpdp.log
cov05_indel06_seed2026,5,6.0,2026,9984,4454,44.611378205128204,4344,/mnt/st_data/zhangzixin/bbs-test-master/experiments/picture/coverage_ids_stress/stress_results_v82/cov05_indel06_seed2026/ccpdp.log
cov05_indel06_seed2027,5,6.0,2027,9984,4399,44.060496794871796,4291,/mnt/st_data/zhangzixin/bbs-test-master/experiments/picture/coverage_ids_stress/stress_results_v82/cov05_indel06_seed2027/ccpdp.log
cov05_indel06_seed2028,5,6.0,2028,9984,4389,43.96033653846154,4265,/mnt/st_data/zhangzixin/bbs-test-master/experiments/picture/coverage_ids_stress/stress_results_v82/cov05_indel06_seed2028/ccpdp.log
cov05_indel06_seed2029,5,6.0,2029,9984,4282,42.888621794871796,4181,/mnt/st_data/zhangzixin/bbs-test-master/experiments/picture/coverage_ids_stress/stress_results_v82/cov05_indel06_seed2029/ccpdp.log
cov05_indel06_seed2030,5,6.0,2030,9984,4442,44.4911858974359,4319,/mnt/st_data/zhangzixin/bbs-test-master/experiments/picture/coverage_ids_stress/stress_results_v82/cov05_indel06_seed2030/ccpdp.log
cov05_indel08_seed2026,5,8.0,2026,9984,4992,50.0,4981,/mnt/st_data/zhangzixin/bbs-test-master/experiments/picture/coverage_ids_stress/stress_results_v82/cov05_indel08_seed2026/ccpdp.log
cov05_indel08_seed2027,5,8.0,2027,9984,4992,50.0,4989,/mnt/st_data/zhangzixin/bbs-test-master/experiments/picture/coverage_ids_stress/stress_results_v82/cov05_indel08_seed2027/ccpdp.log
cov05_indel08_seed2028,5,8.0,2028,9984,4992,50.0,4988,/mnt/st_data/zhangzixin/bbs-test-master/experiments/picture/coverage_ids_stress/stress_results_v82/cov05_indel08_seed2028/ccpdp.log
cov05_indel08_seed2029,5,8.0,2029,9984,4992,50.0,4987,/mnt/st_data/zhangzixin/bbs-test-master/experiments/picture/coverage_ids_stress/stress_results_v82/cov05_indel08_seed2029/ccpdp.log
cov05_indel08_seed2030,5,8.0,2030,9984,4992,50.0,4986,/mnt/st_data/zhangzixin/bbs-test-master/experiments/picture/coverage_ids_stress/stress_results_v82/cov05_indel08_seed2030/ccpdp.log
cov05_indel10_seed2026,5,10.0,2026,9984,4992,50.0,4991,/mnt/st_data/zhangzixin/bbs-test-master/experiments/picture/coverage_ids_stress/stress_results_v82/cov05_indel10_seed2026/ccpdp.log
cov05_indel10_seed2027,5,10.0,2027,9984,4992,50.0,4985,/mnt/st_data/zhangzixin/bbs-test-master/experiments/picture/coverage_ids_stress/stress_results_v82/cov05_indel10_seed2027/ccpdp.log
cov05_indel10_seed2028,5,10.0,2028,9984,4992,50.0,4986,/mnt/st_data/zhangzixin/bbs-test-master/experiments/picture/coverage_ids_stress/stress_results_v82/cov05_indel10_seed2028/ccpdp.log
cov05_indel10_seed2029,5,10.0,2029,9984,4992,50.0,4990,/mnt/st_data/zhangzixin/bbs-test-master/experiments/picture/coverage_ids_stress/stress_results_v82/cov05_indel10_seed2029/ccpdp.log
cov05_indel10_seed2030,5,10.0,2030,9984,4992,50.0,4987,/mnt/st_data/zhangzixin/bbs-test-master/experiments/picture/coverage_ids_stress/stress_results_v82/cov05_indel10_seed2030/ccpdp.log
cov06_indel02_seed2026,6,2.0,2026,9984,999,10.006009615384615,151,/mnt/st_data/zhangzixin/bbs-test-master/experiments/picture/coverage_ids_stress/stress_results_refined/cov06_indel02_seed2026/ccpdp.log
cov06_indel02_seed2027,6,2.0,2027,9984,999,10.006009615384615,158,/mnt/st_data/zhangzixin/bbs-test-master/experiments/picture/coverage_ids_stress/stress_results_refined/cov06_indel02_seed2027/ccpdp.log
cov06_indel02_seed2028,6,2.0,2028,9984,999,10.006009615384615,168,/mnt/st_data/zhangzixin/bbs-test-master/experiments/picture/coverage_ids_stress/stress_results_refined/cov06_indel02_seed2028/ccpdp.log
cov06_indel02_seed2029,6,2.0,2029,9984,999,10.006009615384615,148,/mnt/st_data/zhangzixin/bbs-test-master/experiments/picture/coverage_ids_stress/stress_results_refined/cov06_indel02_seed2029/ccpdp.log
cov06_indel02_seed2030,6,2.0,2030,9984,999,10.006009615384615,150,/mnt/st_data/zhangzixin/bbs-test-master/experiments/picture/coverage_ids_stress/stress_results_refined/cov06_indel02_seed2030/ccpdp.log
cov06_indel04_seed2026,6,4.0,2026,9984,999,10.006009615384615,918,/mnt/st_data/zhangzixin/bbs-test-master/experiments/picture/coverage_ids_stress/stress_results_refined/cov06_indel04_seed2026/ccpdp.log
cov06_indel04_seed2027,6,4.0,2027,9984,999,10.006009615384615,924,/mnt/st_data/zhangzixin/bbs-test-master/experiments/picture/coverage_ids_stress/stress_results_refined/cov06_indel04_seed2027/ccpdp.log
cov06_indel04_seed2028,6,4.0,2028,9984,999,10.006009615384615,904,/mnt/st_data/zhangzixin/bbs-test-master/experiments/picture/coverage_ids_stress/stress_results_refined/cov06_indel04_seed2028/ccpdp.log
cov06_indel04_seed2029,6,4.0,2029,9984,999,10.006009615384615,901,/mnt/st_data/zhangzixin/bbs-test-master/experiments/picture/coverage_ids_stress/stress_results_refined/cov06_indel04_seed2029/ccpdp.log
cov06_indel04_seed2030,6,4.0,2030,9984,999,10.006009615384615,944,/mnt/st_data/zhangzixin/bbs-test-master/experiments/picture/coverage_ids_stress/stress_results_refined/cov06_indel04_seed2030/ccpdp.log
cov06_indel06_seed2026,6,6.0,2026,9984,2921,29.256810897435898,2869,/mnt/st_data/zhangzixin/bbs-test-master/experiments/picture/coverage_ids_stress/stress_results_refined/cov06_indel06_seed2026/ccpdp.log
cov06_indel06_seed2027,6,6.0,2027,9984,2813,28.175080128205128,2760,/mnt/st_data/zhangzixin/bbs-test-master/experiments/picture/coverage_ids_stress/stress_results_refined/cov06_indel06_seed2027/ccpdp.log
cov06_indel06_seed2028,6,6.0,2028,9984,2879,28.83613782051282,2838,/mnt/st_data/zhangzixin/bbs-test-master/experiments/picture/coverage_ids_stress/stress_results_refined/cov06_indel06_seed2028/ccpdp.log
cov06_indel06_seed2029,6,6.0,2029,9984,2820,28.245192307692307,2776,/mnt/st_data/zhangzixin/bbs-test-master/experiments/picture/coverage_ids_stress/stress_results_refined/cov06_indel06_seed2029/ccpdp.log
cov06_indel06_seed2030,6,6.0,2030,9984,2897,29.01642628205128,2855,/mnt/st_data/zhangzixin/bbs-test-master/experiments/picture/coverage_ids_stress/stress_results_refined/cov06_indel06_seed2030/ccpdp.log
cov06_indel08_seed2026,6,8.0,2026,9984,4992,50.0,4985,/mnt/st_data/zhangzixin/bbs-test-master/experiments/picture/coverage_ids_stress/stress_results_refined/cov06_indel08_seed2026/ccpdp.log
cov06_indel08_seed2027,6,8.0,2027,9984,4992,50.0,4986,/mnt/st_data/zhangzixin/bbs-test-master/experiments/picture/coverage_ids_stress/stress_results_refined/cov06_indel08_seed2027/ccpdp.log
cov06_indel08_seed2028,6,8.0,2028,9984,4992,50.0,4986,/mnt/st_data/zhangzixin/bbs-test-master/experiments/picture/coverage_ids_stress/stress_results_refined/cov06_indel08_seed2028/ccpdp.log
cov06_indel08_seed2029,6,8.0,2029,9984,4992,50.0,4989,/mnt/st_data/zhangzixin/bbs-test-master/experiments/picture/coverage_ids_stress/stress_results_refined/cov06_indel08_seed2029/ccpdp.log
cov06_indel08_seed2030,6,8.0,2030,9984,4992,50.0,4985,/mnt/st_data/zhangzixin/bbs-test-master/experiments/picture/coverage_ids_stress/stress_results_refined/cov06_indel08_seed2030/ccpdp.log
cov06_indel10_seed2026,6,10.0,2026,9984,4992,50.0,4990,/mnt/st_data/zhangzixin/bbs-test-master/experiments/picture/coverage_ids_stress/stress_results_refined/cov06_indel10_seed2026/ccpdp.log
cov06_indel10_seed2027,6,10.0,2027,9984,4992,50.0,4991,/mnt/st_data/zhangzixin/bbs-test-master/experiments/picture/coverage_ids_stress/stress_results_refined/cov06_indel10_seed2027/ccpdp.log
cov06_indel10_seed2028,6,10.0,2028,9984,4992,50.0,4987,/mnt/st_data/zhangzixin/bbs-test-master/experiments/picture/coverage_ids_stress/stress_results_refined/cov06_indel10_seed2028/ccpdp.log
cov06_indel10_seed2029,6,10.0,2029,9984,4992,50.0,4988,/mnt/st_data/zhangzixin/bbs-test-master/experiments/picture/coverage_ids_stress/stress_results_refined/cov06_indel10_seed2029/ccpdp.log
cov06_indel10_seed2030,6,10.0,2030,9984,4992,50.0,4989,/mnt/st_data/zhangzixin/bbs-test-master/experiments/picture/coverage_ids_stress/stress_results_refined/cov06_indel10_seed2030/ccpdp.log
cov07_indel02_seed2026,7,2.0,2026,9984,999,10.006009615384615,50,/mnt/st_data/zhangzixin/bbs-test-master/experiments/picture/coverage_ids_stress/stress_results_refined/cov07_indel02_seed2026/ccpdp.log
cov07_indel02_seed2027,7,2.0,2027,9984,999,10.006009615384615,59,/mnt/st_data/zhangzixin/bbs-test-master/experiments/picture/coverage_ids_stress/stress_results_refined/cov07_indel02_seed2027/ccpdp.log
cov07_indel02_seed2028,7,2.0,2028,9984,999,10.006009615384615,42,/mnt/st_data/zhangzixin/bbs-test-master/experiments/picture/coverage_ids_stress/stress_results_refined/cov07_indel02_seed2028/ccpdp.log
cov07_indel02_seed2029,7,2.0,2029,9984,999,10.006009615384615,41,/mnt/st_data/zhangzixin/bbs-test-master/experiments/picture/coverage_ids_stress/stress_results_refined/cov07_indel02_seed2029/ccpdp.log
cov07_indel02_seed2030,7,2.0,2030,9984,999,10.006009615384615,39,/mnt/st_data/zhangzixin/bbs-test-master/experiments/picture/coverage_ids_stress/stress_results_refined/cov07_indel02_seed2030/ccpdp.log
cov07_indel04_seed2026,7,4.0,2026,9984,999,10.006009615384615,421,/mnt/st_data/zhangzixin/bbs-test-master/experiments/picture/coverage_ids_stress/stress_results_refined/cov07_indel04_seed2026/ccpdp.log
cov07_indel04_seed2027,7,4.0,2027,9984,999,10.006009615384615,396,/mnt/st_data/zhangzixin/bbs-test-master/experiments/picture/coverage_ids_stress/stress_results_refined/cov07_indel04_seed2027/ccpdp.log
cov07_indel04_seed2028,7,4.0,2028,9984,999,10.006009615384615,422,/mnt/st_data/zhangzixin/bbs-test-master/experiments/picture/coverage_ids_stress/stress_results_refined/cov07_indel04_seed2028/ccpdp.log
cov07_indel04_seed2029,7,4.0,2029,9984,999,10.006009615384615,405,/mnt/st_data/zhangzixin/bbs-test-master/experiments/picture/coverage_ids_stress/stress_results_refined/cov07_indel04_seed2029/ccpdp.log
cov07_indel04_seed2030,7,4.0,2030,9984,999,10.006009615384615,453,/mnt/st_data/zhangzixin/bbs-test-master/experiments/picture/coverage_ids_stress/stress_results_refined/cov07_indel04_seed2030/ccpdp.log
cov07_indel06_seed2026,7,6.0,2026,9984,1797,17.998798076923077,1774,/mnt/st_data/zhangzixin/bbs-test-master/experiments/picture/coverage_ids_stress/stress_results_refined/cov07_indel06_seed2026/ccpdp.log
cov07_indel06_seed2027,7,6.0,2027,9984,1725,17.27764423076923,1705,/mnt/st_data/zhangzixin/bbs-test-master/experiments/picture/coverage_ids_stress/stress_results_refined/cov07_indel06_seed2027/ccpdp.log
cov07_indel06_seed2028,7,6.0,2028,9984,1830,18.329326923076923,1809,/mnt/st_data/zhangzixin/bbs-test-master/experiments/picture/coverage_ids_stress/stress_results_refined/cov07_indel06_seed2028/ccpdp.log
cov07_indel06_seed2029,7,6.0,2029,9984,1762,17.64823717948718,1736,/mnt/st_data/zhangzixin/bbs-test-master/experiments/picture/coverage_ids_stress/stress_results_refined/cov07_indel06_seed2029/ccpdp.log
cov07_indel06_seed2030,7,6.0,2030,9984,1852,18.549679487179485,1834,/mnt/st_data/zhangzixin/bbs-test-master/experiments/picture/coverage_ids_stress/stress_results_refined/cov07_indel06_seed2030/ccpdp.log
cov07_indel08_seed2026,7,8.0,2026,9984,4297,43.03886217948718,4212,/mnt/st_data/zhangzixin/bbs-test-master/experiments/picture/coverage_ids_stress/stress_results_refined/cov07_indel08_seed2026/ccpdp.log
cov07_indel08_seed2027,7,8.0,2027,9984,4171,41.77684294871795,4089,/mnt/st_data/zhangzixin/bbs-test-master/experiments/picture/coverage_ids_stress/stress_results_refined/cov07_indel08_seed2027/ccpdp.log
cov07_indel08_seed2028,7,8.0,2028,9984,4336,43.42948717948718,4230,/mnt/st_data/zhangzixin/bbs-test-master/experiments/picture/coverage_ids_stress/stress_results_refined/cov07_indel08_seed2028/ccpdp.log
cov07_indel08_seed2029,7,8.0,2029,9984,4245,42.51802884615385,4161,/mnt/st_data/zhangzixin/bbs-test-master/experiments/picture/coverage_ids_stress/stress_results_refined/cov07_indel08_seed2029/ccpdp.log
cov07_indel08_seed2030,7,8.0,2030,9984,4202,42.087339743589745,4103,/mnt/st_data/zhangzixin/bbs-test-master/experiments/picture/coverage_ids_stress/stress_results_refined/cov07_indel08_seed2030/ccpdp.log
cov07_indel10_seed2026,7,10.0,2026,9984,4992,50.0,4991,/mnt/st_data/zhangzixin/bbs-test-master/experiments/picture/coverage_ids_stress/stress_results_refined/cov07_indel10_seed2026/ccpdp.log
cov07_indel10_seed2027,7,10.0,2027,9984,4992,50.0,4990,/mnt/st_data/zhangzixin/bbs-test-master/experiments/picture/coverage_ids_stress/stress_results_refined/cov07_indel10_seed2027/ccpdp.log
cov07_indel10_seed2028,7,10.0,2028,9984,4992,50.0,4989,/mnt/st_data/zhangzixin/bbs-test-master/experiments/picture/coverage_ids_stress/stress_results_refined/cov07_indel10_seed2028/ccpdp.log
cov07_indel10_seed2029,7,10.0,2029,9984,4992,50.0,4992,/mnt/st_data/zhangzixin/bbs-test-master/experiments/picture/coverage_ids_stress/stress_results_refined/cov07_indel10_seed2029/ccpdp.log
cov07_indel10_seed2030,7,10.0,2030,9984,4992,50.0,4989,/mnt/st_data/zhangzixin/bbs-test-master/experiments/picture/coverage_ids_stress/stress_results_refined/cov07_indel10_seed2030/ccpdp.log
cov08_indel02_seed2026,8,2.0,2026,9984,999,10.006009615384615,24,/mnt/st_data/zhangzixin/bbs-test-master/experiments/picture/coverage_ids_stress/stress_results_refined/cov08_indel02_seed2026/ccpdp.log
cov08_indel02_seed2027,8,2.0,2027,9984,999,10.006009615384615,28,/mnt/st_data/zhangzixin/bbs-test-master/experiments/picture/coverage_ids_stress/stress_results_refined/cov08_indel02_seed2027/ccpdp.log
cov08_indel02_seed2028,8,2.0,2028,9984,999,10.006009615384615,28,/mnt/st_data/zhangzixin/bbs-test-master/experiments/picture/coverage_ids_stress/stress_results_refined/cov08_indel02_seed2028/ccpdp.log
cov08_indel02_seed2029,8,2.0,2029,9984,999,10.006009615384615,16,/mnt/st_data/zhangzixin/bbs-test-master/experiments/picture/coverage_ids_stress/stress_results_refined/cov08_indel02_seed2029/ccpdp.log
cov08_indel02_seed2030,8,2.0,2030,9984,999,10.006009615384615,15,/mnt/st_data/zhangzixin/bbs-test-master/experiments/picture/coverage_ids_stress/stress_results_refined/cov08_indel02_seed2030/ccpdp.log
cov08_indel04_seed2026,8,4.0,2026,9984,999,10.006009615384615,254,/mnt/st_data/zhangzixin/bbs-test-master/experiments/picture/coverage_ids_stress/stress_results_refined/cov08_indel04_seed2026/ccpdp.log
cov08_indel04_seed2027,8,4.0,2027,9984,999,10.006009615384615,207,/mnt/st_data/zhangzixin/bbs-test-master/experiments/picture/coverage_ids_stress/stress_results_refined/cov08_indel04_seed2027/ccpdp.log
cov08_indel04_seed2028,8,4.0,2028,9984,999,10.006009615384615,242,/mnt/st_data/zhangzixin/bbs-test-master/experiments/picture/coverage_ids_stress/stress_results_refined/cov08_indel04_seed2028/ccpdp.log
cov08_indel04_seed2029,8,4.0,2029,9984,999,10.006009615384615,211,/mnt/st_data/zhangzixin/bbs-test-master/experiments/picture/coverage_ids_stress/stress_results_refined/cov08_indel04_seed2029/ccpdp.log
cov08_indel04_seed2030,8,4.0,2030,9984,999,10.006009615384615,267,/mnt/st_data/zhangzixin/bbs-test-master/experiments/picture/coverage_ids_stress/stress_results_refined/cov08_indel04_seed2030/ccpdp.log
cov08_indel06_seed2026,8,6.0,2026,9984,1129,11.308092948717949,1120,/mnt/st_data/zhangzixin/bbs-test-master/experiments/picture/coverage_ids_stress/stress_results_refined/cov08_indel06_seed2026/ccpdp.log
cov08_indel06_seed2027,8,6.0,2027,9984,1105,11.067708333333334,1096,/mnt/st_data/zhangzixin/bbs-test-master/experiments/picture/coverage_ids_stress/stress_results_refined/cov08_indel06_seed2027/ccpdp.log
cov08_indel06_seed2028,8,6.0,2028,9984,1233,12.349759615384615,1228,/mnt/st_data/zhangzixin/bbs-test-master/experiments/picture/coverage_ids_stress/stress_results_refined/cov08_indel06_seed2028/ccpdp.log
cov08_indel06_seed2029,8,6.0,2029,9984,1092,10.9375,1084,/mnt/st_data/zhangzixin/bbs-test-master/experiments/picture/coverage_ids_stress/stress_results_refined/cov08_indel06_seed2029/ccpdp.log
cov08_indel06_seed2030,8,6.0,2030,9984,1179,11.80889423076923,1170,/mnt/st_data/zhangzixin/bbs-test-master/experiments/picture/coverage_ids_stress/stress_results_refined/cov08_indel06_seed2030/ccpdp.log
cov08_indel08_seed2026,8,8.0,2026,9984,3161,31.66065705128205,3122,/mnt/st_data/zhangzixin/bbs-test-master/experiments/picture/coverage_ids_stress/stress_results_refined/cov08_indel08_seed2026/ccpdp.log
cov08_indel08_seed2027,8,8.0,2027,9984,3087,30.919471153846153,3043,/mnt/st_data/zhangzixin/bbs-test-master/experiments/picture/coverage_ids_stress/stress_results_refined/cov08_indel08_seed2027/ccpdp.log
cov08_indel08_seed2028,8,8.0,2028,9984,3278,32.83253205128205,3216,/mnt/st_data/zhangzixin/bbs-test-master/experiments/picture/coverage_ids_stress/stress_results_refined/cov08_indel08_seed2028/ccpdp.log
cov08_indel08_seed2029,8,8.0,2029,9984,3146,31.510416666666668,3083,/mnt/st_data/zhangzixin/bbs-test-master/experiments/picture/coverage_ids_stress/stress_results_refined/cov08_indel08_seed2029/ccpdp.log
cov08_indel08_seed2030,8,8.0,2030,9984,3106,31.109775641025642,3054,/mnt/st_data/zhangzixin/bbs-test-master/experiments/picture/coverage_ids_stress/stress_results_refined/cov08_indel08_seed2030/ccpdp.log
cov08_indel10_seed2026,8,10.0,2026,9984,4992,50.0,4991,/mnt/st_data/zhangzixin/bbs-test-master/experiments/picture/coverage_ids_stress/stress_results_refined/cov08_indel10_seed2026/ccpdp.log
cov08_indel10_seed2027,8,10.0,2027,9984,4992,50.0,4990,/mnt/st_data/zhangzixin/bbs-test-master/experiments/picture/coverage_ids_stress/stress_results_refined/cov08_indel10_seed2027/ccpdp.log
cov08_indel10_seed2028,8,10.0,2028,9984,4992,50.0,4989,/mnt/st_data/zhangzixin/bbs-test-master/experiments/picture/coverage_ids_stress/stress_results_refined/cov08_indel10_seed2028/ccpdp.log
cov08_indel10_seed2029,8,10.0,2029,9984,4992,50.0,4991,/mnt/st_data/zhangzixin/bbs-test-master/experiments/picture/coverage_ids_stress/stress_results_refined/cov08_indel10_seed2029/ccpdp.log
cov08_indel10_seed2030,8,10.0,2030,9984,4992,50.0,4990,/mnt/st_data/zhangzixin/bbs-test-master/experiments/picture/coverage_ids_stress/stress_results_refined/cov08_indel10_seed2030/ccpdp.log
cov09_indel02_seed2026,9,2.0,2026,9984,999,10.006009615384615,7,/mnt/st_data/zhangzixin/bbs-test-master/experiments/picture/coverage_ids_stress/stress_results_refined/cov09_indel02_seed2026/ccpdp.log
cov09_indel02_seed2027,9,2.0,2027,9984,999,10.006009615384615,10,/mnt/st_data/zhangzixin/bbs-test-master/experiments/picture/coverage_ids_stress/stress_results_refined/cov09_indel02_seed2027/ccpdp.log
cov09_indel02_seed2028,9,2.0,2028,9984,999,10.006009615384615,6,/mnt/st_data/zhangzixin/bbs-test-master/experiments/picture/coverage_ids_stress/stress_results_refined/cov09_indel02_seed2028/ccpdp.log
cov09_indel02_seed2029,9,2.0,2029,9984,999,10.006009615384615,7,/mnt/st_data/zhangzixin/bbs-test-master/experiments/picture/coverage_ids_stress/stress_results_refined/cov09_indel02_seed2029/ccpdp.log
cov09_indel02_seed2030,9,2.0,2030,9984,999,10.006009615384615,6,/mnt/st_data/zhangzixin/bbs-test-master/experiments/picture/coverage_ids_stress/stress_results_refined/cov09_indel02_seed2030/ccpdp.log
cov09_indel04_seed2026,9,4.0,2026,9984,999,10.006009615384615,124,/mnt/st_data/zhangzixin/bbs-test-master/experiments/picture/coverage_ids_stress/stress_results_refined/cov09_indel04_seed2026/ccpdp.log
cov09_indel04_seed2027,9,4.0,2027,9984,999,10.006009615384615,117,/mnt/st_data/zhangzixin/bbs-test-master/experiments/picture/coverage_ids_stress/stress_results_refined/cov09_indel04_seed2027/ccpdp.log
cov09_indel04_seed2028,9,4.0,2028,9984,999,10.006009615384615,136,/mnt/st_data/zhangzixin/bbs-test-master/experiments/picture/coverage_ids_stress/stress_results_refined/cov09_indel04_seed2028/ccpdp.log
cov09_indel04_seed2029,9,4.0,2029,9984,999,10.006009615384615,102,/mnt/st_data/zhangzixin/bbs-test-master/experiments/picture/coverage_ids_stress/stress_results_refined/cov09_indel04_seed2029/ccpdp.log
cov09_indel04_seed2030,9,4.0,2030,9984,999,10.006009615384615,125,/mnt/st_data/zhangzixin/bbs-test-master/experiments/picture/coverage_ids_stress/stress_results_refined/cov09_indel04_seed2030/ccpdp.log
cov09_indel06_seed2026,9,6.0,2026,9984,999,10.006009615384615,722,/mnt/st_data/zhangzixin/bbs-test-master/experiments/picture/coverage_ids_stress/stress_results_refined/cov09_indel06_seed2026/ccpdp.log
cov09_indel06_seed2027,9,6.0,2027,9984,999,10.006009615384615,743,/mnt/st_data/zhangzixin/bbs-test-master/experiments/picture/coverage_ids_stress/stress_results_refined/cov09_indel06_seed2027/ccpdp.log
cov09_indel06_seed2028,9,6.0,2028,9984,999,10.006009615384615,797,/mnt/st_data/zhangzixin/bbs-test-master/experiments/picture/coverage_ids_stress/stress_results_refined/cov09_indel06_seed2028/ccpdp.log
cov09_indel06_seed2029,9,6.0,2029,9984,999,10.006009615384615,729,/mnt/st_data/zhangzixin/bbs-test-master/experiments/picture/coverage_ids_stress/stress_results_refined/cov09_indel06_seed2029/ccpdp.log
cov09_indel06_seed2030,9,6.0,2030,9984,999,10.006009615384615,739,/mnt/st_data/zhangzixin/bbs-test-master/experiments/picture/coverage_ids_stress/stress_results_refined/cov09_indel06_seed2030/ccpdp.log
cov09_indel08_seed2026,9,8.0,2026,9984,2448,24.51923076923077,2424,/mnt/st_data/zhangzixin/bbs-test-master/experiments/picture/coverage_ids_stress/stress_results_refined/cov09_indel08_seed2026/ccpdp.log
cov09_indel08_seed2027,9,8.0,2027,9984,2425,24.28886217948718,2388,/mnt/st_data/zhangzixin/bbs-test-master/experiments/picture/coverage_ids_stress/stress_results_refined/cov09_indel08_seed2027/ccpdp.log
cov09_indel08_seed2028,9,8.0,2028,9984,2513,25.170272435897434,2468,/mnt/st_data/zhangzixin/bbs-test-master/experiments/picture/coverage_ids_stress/stress_results_refined/cov09_indel08_seed2028/ccpdp.log
cov09_indel08_seed2029,9,8.0,2029,9984,2450,24.53926282051282,2411,/mnt/st_data/zhangzixin/bbs-test-master/experiments/picture/coverage_ids_stress/stress_results_refined/cov09_indel08_seed2029/ccpdp.log
cov09_indel08_seed2030,9,8.0,2030,9984,2417,24.208733974358974,2380,/mnt/st_data/zhangzixin/bbs-test-master/experiments/picture/coverage_ids_stress/stress_results_refined/cov09_indel08_seed2030/ccpdp.log
cov09_indel10_seed2026,9,10.0,2026,9984,4962,49.69951923076923,4866,/mnt/st_data/zhangzixin/bbs-test-master/experiments/picture/coverage_ids_stress/stress_results_refined/cov09_indel10_seed2026/ccpdp.log
cov09_indel10_seed2027,9,10.0,2027,9984,4930,49.37900641025641,4856,/mnt/st_data/zhangzixin/bbs-test-master/experiments/picture/coverage_ids_stress/stress_results_refined/cov09_indel10_seed2027/ccpdp.log
cov09_indel10_seed2028,9,10.0,2028,9984,4956,49.63942307692308,4862,/mnt/st_data/zhangzixin/bbs-test-master/experiments/picture/coverage_ids_stress/stress_results_refined/cov09_indel10_seed2028/ccpdp.log
cov09_indel10_seed2029,9,10.0,2029,9984,4867,48.747996794871796,4788,/mnt/st_data/zhangzixin/bbs-test-master/experiments/picture/coverage_ids_stress/stress_results_refined/cov09_indel10_seed2029/ccpdp.log
cov09_indel10_seed2030,9,10.0,2030,9984,4970,49.77964743589744,4877,/mnt/st_data/zhangzixin/bbs-test-master/experiments/picture/coverage_ids_stress/stress_results_refined/cov09_indel10_seed2030/ccpdp.log
cov10_indel02_seed2026,10,2.0,2026,9984,999,10.006009615384615,3,/mnt/st_data/zhangzixin/bbs-test-master/experiments/picture/coverage_ids_stress/stress_results_v82/cov10_indel02_seed2026/ccpdp.log
cov10_indel02_seed2027,10,2.0,2027,9984,999,10.006009615384615,4,/mnt/st_data/zhangzixin/bbs-test-master/experiments/picture/coverage_ids_stress/stress_results_v82/cov10_indel02_seed2027/ccpdp.log
cov10_indel02_seed2028,10,2.0,2028,9984,999,10.006009615384615,4,/mnt/st_data/zhangzixin/bbs-test-master/experiments/picture/coverage_ids_stress/stress_results_v82/cov10_indel02_seed2028/ccpdp.log
cov10_indel02_seed2029,10,2.0,2029,9984,999,10.006009615384615,0,/mnt/st_data/zhangzixin/bbs-test-master/experiments/picture/coverage_ids_stress/stress_results_v82/cov10_indel02_seed2029/ccpdp.log
cov10_indel02_seed2030,10,2.0,2030,9984,999,10.006009615384615,3,/mnt/st_data/zhangzixin/bbs-test-master/experiments/picture/coverage_ids_stress/stress_results_v82/cov10_indel02_seed2030/ccpdp.log
cov10_indel04_seed2026,10,4.0,2026,9984,999,10.006009615384615,78,/mnt/st_data/zhangzixin/bbs-test-master/experiments/picture/coverage_ids_stress/stress_results_v82/cov10_indel04_seed2026/ccpdp.log
cov10_indel04_seed2027,10,4.0,2027,9984,999,10.006009615384615,63,/mnt/st_data/zhangzixin/bbs-test-master/experiments/picture/coverage_ids_stress/stress_results_v82/cov10_indel04_seed2027/ccpdp.log
cov10_indel04_seed2028,10,4.0,2028,9984,999,10.006009615384615,79,/mnt/st_data/zhangzixin/bbs-test-master/experiments/picture/coverage_ids_stress/stress_results_v82/cov10_indel04_seed2028/ccpdp.log
cov10_indel04_seed2029,10,4.0,2029,9984,999,10.006009615384615,61,/mnt/st_data/zhangzixin/bbs-test-master/experiments/picture/coverage_ids_stress/stress_results_v82/cov10_indel04_seed2029/ccpdp.log
cov10_indel04_seed2030,10,4.0,2030,9984,999,10.006009615384615,73,/mnt/st_data/zhangzixin/bbs-test-master/experiments/picture/coverage_ids_stress/stress_results_v82/cov10_indel04_seed2030/ccpdp.log
cov10_indel06_seed2026,10,6.0,2026,9984,999,10.006009615384615,496,/mnt/st_data/zhangzixin/bbs-test-master/experiments/picture/coverage_ids_stress/stress_results_v82/cov10_indel06_seed2026/ccpdp.log
cov10_indel06_seed2027,10,6.0,2027,9984,999,10.006009615384615,481,/mnt/st_data/zhangzixin/bbs-test-master/experiments/picture/coverage_ids_stress/stress_results_v82/cov10_indel06_seed2027/ccpdp.log
cov10_indel06_seed2028,10,6.0,2028,9984,999,10.006009615384615,514,/mnt/st_data/zhangzixin/bbs-test-master/experiments/picture/coverage_ids_stress/stress_results_v82/cov10_indel06_seed2028/ccpdp.log
cov10_indel06_seed2029,10,6.0,2029,9984,999,10.006009615384615,481,/mnt/st_data/zhangzixin/bbs-test-master/experiments/picture/coverage_ids_stress/stress_results_v82/cov10_indel06_seed2029/ccpdp.log
cov10_indel06_seed2030,10,6.0,2030,9984,999,10.006009615384615,497,/mnt/st_data/zhangzixin/bbs-test-master/experiments/picture/coverage_ids_stress/stress_results_v82/cov10_indel06_seed2030/ccpdp.log
cov10_indel08_seed2026,10,8.0,2026,9984,1858,18.609775641025642,1838,/mnt/st_data/zhangzixin/bbs-test-master/experiments/picture/coverage_ids_stress/stress_results_v82/cov10_indel08_seed2026/ccpdp.log
cov10_indel08_seed2027,10,8.0,2027,9984,1806,18.088942307692307,1781,/mnt/st_data/zhangzixin/bbs-test-master/experiments/picture/coverage_ids_stress/stress_results_v82/cov10_indel08_seed2027/ccpdp.log
cov10_indel08_seed2028,10,8.0,2028,9984,1874,18.77003205128205,1853,/mnt/st_data/zhangzixin/bbs-test-master/experiments/picture/coverage_ids_stress/stress_results_v82/cov10_indel08_seed2028/ccpdp.log
cov10_indel08_seed2029,10,8.0,2029,9984,1822,18.24919871794872,1804,/mnt/st_data/zhangzixin/bbs-test-master/experiments/picture/coverage_ids_stress/stress_results_v82/cov10_indel08_seed2029/ccpdp.log
cov10_indel08_seed2030,10,8.0,2030,9984,1813,18.159054487179485,1796,/mnt/st_data/zhangzixin/bbs-test-master/experiments/picture/coverage_ids_stress/stress_results_v82/cov10_indel08_seed2030/ccpdp.log
cov10_indel10_seed2026,10,10.0,2026,9984,4143,41.49639423076923,4071,/mnt/st_data/zhangzixin/bbs-test-master/experiments/picture/coverage_ids_stress/stress_results_v82/cov10_indel10_seed2026/ccpdp.log
cov10_indel10_seed2027,10,10.0,2027,9984,4166,41.72676282051282,4091,/mnt/st_data/zhangzixin/bbs-test-master/experiments/picture/coverage_ids_stress/stress_results_v82/cov10_indel10_seed2027/ccpdp.log
cov10_indel10_seed2028,10,10.0,2028,9984,4129,41.35616987179487,4053,/mnt/st_data/zhangzixin/bbs-test-master/experiments/picture/coverage_ids_stress/stress_results_v82/cov10_indel10_seed2028/ccpdp.log
cov10_indel10_seed2029,10,10.0,2029,9984,4091,40.9755608974359,4025,/mnt/st_data/zhangzixin/bbs-test-master/experiments/picture/coverage_ids_stress/stress_results_v82/cov10_indel10_seed2029/ccpdp.log
cov10_indel10_seed2030,10,10.0,2030,9984,4077,40.83533653846154,4013,/mnt/st_data/zhangzixin/bbs-test-master/experiments/picture/coverage_ids_stress/stress_results_v82/cov10_indel10_seed2030/ccpdp.log
cov12_indel02_seed2026,12,2.0,2026,9984,999,10.006009615384615,1,/mnt/st_data/zhangzixin/bbs-test-master/experiments/picture/coverage_ids_stress/stress_results_refined/cov12_indel02_seed2026/ccpdp.log
cov12_indel02_seed2027,12,2.0,2027,9984,999,10.006009615384615,1,/mnt/st_data/zhangzixin/bbs-test-master/experiments/picture/coverage_ids_stress/stress_results_refined/cov12_indel02_seed2027/ccpdp.log
cov12_indel02_seed2028,12,2.0,2028,9984,999,10.006009615384615,0,/mnt/st_data/zhangzixin/bbs-test-master/experiments/picture/coverage_ids_stress/stress_results_refined/cov12_indel02_seed2028/ccpdp.log
cov12_indel02_seed2029,12,2.0,2029,9984,999,10.006009615384615,0,/mnt/st_data/zhangzixin/bbs-test-master/experiments/picture/coverage_ids_stress/stress_results_refined/cov12_indel02_seed2029/ccpdp.log
cov12_indel02_seed2030,12,2.0,2030,9984,999,10.006009615384615,2,/mnt/st_data/zhangzixin/bbs-test-master/experiments/picture/coverage_ids_stress/stress_results_refined/cov12_indel02_seed2030/ccpdp.log
cov12_indel04_seed2026,12,4.0,2026,9984,999,10.006009615384615,42,/mnt/st_data/zhangzixin/bbs-test-master/experiments/picture/coverage_ids_stress/stress_results_refined/cov12_indel04_seed2026/ccpdp.log
cov12_indel04_seed2027,12,4.0,2027,9984,999,10.006009615384615,30,/mnt/st_data/zhangzixin/bbs-test-master/experiments/picture/coverage_ids_stress/stress_results_refined/cov12_indel04_seed2027/ccpdp.log
cov12_indel04_seed2028,12,4.0,2028,9984,999,10.006009615384615,37,/mnt/st_data/zhangzixin/bbs-test-master/experiments/picture/coverage_ids_stress/stress_results_refined/cov12_indel04_seed2028/ccpdp.log
cov12_indel04_seed2029,12,4.0,2029,9984,999,10.006009615384615,19,/mnt/st_data/zhangzixin/bbs-test-master/experiments/picture/coverage_ids_stress/stress_results_refined/cov12_indel04_seed2029/ccpdp.log
cov12_indel04_seed2030,12,4.0,2030,9984,999,10.006009615384615,29,/mnt/st_data/zhangzixin/bbs-test-master/experiments/picture/coverage_ids_stress/stress_results_refined/cov12_indel04_seed2030/ccpdp.log
cov12_indel06_seed2026,12,6.0,2026,9984,999,10.006009615384615,230,/mnt/st_data/zhangzixin/bbs-test-master/experiments/picture/coverage_ids_stress/stress_results_refined/cov12_indel06_seed2026/ccpdp.log
cov12_indel06_seed2027,12,6.0,2027,9984,999,10.006009615384615,249,/mnt/st_data/zhangzixin/bbs-test-master/experiments/picture/coverage_ids_stress/stress_results_refined/cov12_indel06_seed2027/ccpdp.log
cov12_indel06_seed2028,12,6.0,2028,9984,999,10.006009615384615,252,/mnt/st_data/zhangzixin/bbs-test-master/experiments/picture/coverage_ids_stress/stress_results_refined/cov12_indel06_seed2028/ccpdp.log
cov12_indel06_seed2029,12,6.0,2029,9984,999,10.006009615384615,232,/mnt/st_data/zhangzixin/bbs-test-master/experiments/picture/coverage_ids_stress/stress_results_refined/cov12_indel06_seed2029/ccpdp.log
cov12_indel06_seed2030,12,6.0,2030,9984,999,10.006009615384615,264,/mnt/st_data/zhangzixin/bbs-test-master/experiments/picture/coverage_ids_stress/stress_results_refined/cov12_indel06_seed2030/ccpdp.log
cov12_indel08_seed2026,12,8.0,2026,9984,1052,10.536858974358974,1042,/mnt/st_data/zhangzixin/bbs-test-master/experiments/picture/coverage_ids_stress/stress_results_refined/cov12_indel08_seed2026/ccpdp.log
cov12_indel08_seed2027,12,8.0,2027,9984,1044,10.45673076923077,1033,/mnt/st_data/zhangzixin/bbs-test-master/experiments/picture/coverage_ids_stress/stress_results_refined/cov12_indel08_seed2027/ccpdp.log
cov12_indel08_seed2028,12,8.0,2028,9984,1198,11.999198717948717,1190,/mnt/st_data/zhangzixin/bbs-test-master/experiments/picture/coverage_ids_stress/stress_results_refined/cov12_indel08_seed2028/ccpdp.log
cov12_indel08_seed2029,12,8.0,2029,9984,1089,10.907451923076923,1083,/mnt/st_data/zhangzixin/bbs-test-master/experiments/picture/coverage_ids_stress/stress_results_refined/cov12_indel08_seed2029/ccpdp.log
cov12_indel08_seed2030,12,8.0,2030,9984,1107,11.087740384615385,1098,/mnt/st_data/zhangzixin/bbs-test-master/experiments/picture/coverage_ids_stress/stress_results_refined/cov12_indel08_seed2030/ccpdp.log
cov12_indel10_seed2026,12,10.0,2026,9984,2897,29.01642628205128,2858,/mnt/st_data/zhangzixin/bbs-test-master/experiments/picture/coverage_ids_stress/stress_results_refined/cov12_indel10_seed2026/ccpdp.log
cov12_indel10_seed2027,12,10.0,2027,9984,2833,28.375400641025642,2801,/mnt/st_data/zhangzixin/bbs-test-master/experiments/picture/coverage_ids_stress/stress_results_refined/cov12_indel10_seed2027/ccpdp.log
cov12_indel10_seed2028,12,10.0,2028,9984,3030,30.348557692307693,2983,/mnt/st_data/zhangzixin/bbs-test-master/experiments/picture/coverage_ids_stress/stress_results_refined/cov12_indel10_seed2028/ccpdp.log
cov12_indel10_seed2029,12,10.0,2029,9984,3024,30.28846153846154,2985,/mnt/st_data/zhangzixin/bbs-test-master/experiments/picture/coverage_ids_stress/stress_results_refined/cov12_indel10_seed2029/ccpdp.log
cov12_indel10_seed2030,12,10.0,2030,9984,2989,29.937900641025642,2955,/mnt/st_data/zhangzixin/bbs-test-master/experiments/picture/coverage_ids_stress/stress_results_refined/cov12_indel10_seed2030/ccpdp.log
cov15_indel02_seed2026,15,2.0,2026,9984,999,10.006009615384615,0,/mnt/st_data/zhangzixin/bbs-test-master/experiments/picture/coverage_ids_stress/stress_results_v82/cov15_indel02_seed2026/ccpdp.log
cov15_indel02_seed2027,15,2.0,2027,9984,999,10.006009615384615,1,/mnt/st_data/zhangzixin/bbs-test-master/experiments/picture/coverage_ids_stress/stress_results_v82/cov15_indel02_seed2027/ccpdp.log
cov15_indel02_seed2028,15,2.0,2028,9984,999,10.006009615384615,0,/mnt/st_data/zhangzixin/bbs-test-master/experiments/picture/coverage_ids_stress/stress_results_v82/cov15_indel02_seed2028/ccpdp.log
cov15_indel02_seed2029,15,2.0,2029,9984,999,10.006009615384615,0,/mnt/st_data/zhangzixin/bbs-test-master/experiments/picture/coverage_ids_stress/stress_results_v82/cov15_indel02_seed2029/ccpdp.log
cov15_indel02_seed2030,15,2.0,2030,9984,999,10.006009615384615,0,/mnt/st_data/zhangzixin/bbs-test-master/experiments/picture/coverage_ids_stress/stress_results_v82/cov15_indel02_seed2030/ccpdp.log
cov15_indel04_seed2026,15,4.0,2026,9984,999,10.006009615384615,11,/mnt/st_data/zhangzixin/bbs-test-master/experiments/picture/coverage_ids_stress/stress_results_v82/cov15_indel04_seed2026/ccpdp.log
cov15_indel04_seed2027,15,4.0,2027,9984,999,10.006009615384615,13,/mnt/st_data/zhangzixin/bbs-test-master/experiments/picture/coverage_ids_stress/stress_results_v82/cov15_indel04_seed2027/ccpdp.log
cov15_indel04_seed2028,15,4.0,2028,9984,999,10.006009615384615,8,/mnt/st_data/zhangzixin/bbs-test-master/experiments/picture/coverage_ids_stress/stress_results_v82/cov15_indel04_seed2028/ccpdp.log
cov15_indel04_seed2029,15,4.0,2029,9984,999,10.006009615384615,9,/mnt/st_data/zhangzixin/bbs-test-master/experiments/picture/coverage_ids_stress/stress_results_v82/cov15_indel04_seed2029/ccpdp.log
cov15_indel04_seed2030,15,4.0,2030,9984,999,10.006009615384615,10,/mnt/st_data/zhangzixin/bbs-test-master/experiments/picture/coverage_ids_stress/stress_results_v82/cov15_indel04_seed2030/ccpdp.log
cov15_indel06_seed2026,15,6.0,2026,9984,999,10.006009615384615,115,/mnt/st_data/zhangzixin/bbs-test-master/experiments/picture/coverage_ids_stress/stress_results_v82/cov15_indel06_seed2026/ccpdp.log
cov15_indel06_seed2027,15,6.0,2027,9984,999,10.006009615384615,114,/mnt/st_data/zhangzixin/bbs-test-master/experiments/picture/coverage_ids_stress/stress_results_v82/cov15_indel06_seed2027/ccpdp.log
cov15_indel06_seed2028,15,6.0,2028,9984,999,10.006009615384615,115,/mnt/st_data/zhangzixin/bbs-test-master/experiments/picture/coverage_ids_stress/stress_results_v82/cov15_indel06_seed2028/ccpdp.log
cov15_indel06_seed2029,15,6.0,2029,9984,999,10.006009615384615,104,/mnt/st_data/zhangzixin/bbs-test-master/experiments/picture/coverage_ids_stress/stress_results_v82/cov15_indel06_seed2029/ccpdp.log
cov15_indel06_seed2030,15,6.0,2030,9984,999,10.006009615384615,111,/mnt/st_data/zhangzixin/bbs-test-master/experiments/picture/coverage_ids_stress/stress_results_v82/cov15_indel06_seed2030/ccpdp.log
cov15_indel08_seed2026,15,8.0,2026,9984,999,10.006009615384615,586,/mnt/st_data/zhangzixin/bbs-test-master/experiments/picture/coverage_ids_stress/stress_results_v82/cov15_indel08_seed2026/ccpdp.log
cov15_indel08_seed2027,15,8.0,2027,9984,999,10.006009615384615,552,/mnt/st_data/zhangzixin/bbs-test-master/experiments/picture/coverage_ids_stress/stress_results_v82/cov15_indel08_seed2027/ccpdp.log
cov15_indel08_seed2028,15,8.0,2028,9984,999,10.006009615384615,609,/mnt/st_data/zhangzixin/bbs-test-master/experiments/picture/coverage_ids_stress/stress_results_v82/cov15_indel08_seed2028/ccpdp.log
cov15_indel08_seed2029,15,8.0,2029,9984,999,10.006009615384615,593,/mnt/st_data/zhangzixin/bbs-test-master/experiments/picture/coverage_ids_stress/stress_results_v82/cov15_indel08_seed2029/ccpdp.log
cov15_indel08_seed2030,15,8.0,2030,9984,999,10.006009615384615,590,/mnt/st_data/zhangzixin/bbs-test-master/experiments/picture/coverage_ids_stress/stress_results_v82/cov15_indel08_seed2030/ccpdp.log
cov15_indel10_seed2026,15,10.0,2026,9984,1910,19.130608974358974,1901,/mnt/st_data/zhangzixin/bbs-test-master/experiments/picture/coverage_ids_stress/stress_results_v82/cov15_indel10_seed2026/ccpdp.log
cov15_indel10_seed2027,15,10.0,2027,9984,1880,18.830128205128204,1867,/mnt/st_data/zhangzixin/bbs-test-master/experiments/picture/coverage_ids_stress/stress_results_v82/cov15_indel10_seed2027/ccpdp.log
cov15_indel10_seed2028,15,10.0,2028,9984,1912,19.150641025641026,1898,/mnt/st_data/zhangzixin/bbs-test-master/experiments/picture/coverage_ids_stress/stress_results_v82/cov15_indel10_seed2028/ccpdp.log
cov15_indel10_seed2029,15,10.0,2029,9984,1942,19.451121794871796,1927,/mnt/st_data/zhangzixin/bbs-test-master/experiments/picture/coverage_ids_stress/stress_results_v82/cov15_indel10_seed2029/ccpdp.log
cov15_indel10_seed2030,15,10.0,2030,9984,1995,19.981971153846153,1977,/mnt/st_data/zhangzixin/bbs-test-master/experiments/picture/coverage_ids_stress/stress_results_v82/cov15_indel10_seed2030/ccpdp.log
cov20_indel02_seed2026,20,2.0,2026,9984,999,10.006009615384615,0,/mnt/st_data/zhangzixin/bbs-test-master/experiments/picture/coverage_ids_stress/stress_results_v82/cov20_indel02_seed2026/ccpdp.log
cov20_indel02_seed2027,20,2.0,2027,9984,999,10.006009615384615,0,/mnt/st_data/zhangzixin/bbs-test-master/experiments/picture/coverage_ids_stress/stress_results_v82/cov20_indel02_seed2027/ccpdp.log
cov20_indel02_seed2028,20,2.0,2028,9984,999,10.006009615384615,0,/mnt/st_data/zhangzixin/bbs-test-master/experiments/picture/coverage_ids_stress/stress_results_v82/cov20_indel02_seed2028/ccpdp.log
cov20_indel02_seed2029,20,2.0,2029,9984,999,10.006009615384615,0,/mnt/st_data/zhangzixin/bbs-test-master/experiments/picture/coverage_ids_stress/stress_results_v82/cov20_indel02_seed2029/ccpdp.log
cov20_indel02_seed2030,20,2.0,2030,9984,999,10.006009615384615,0,/mnt/st_data/zhangzixin/bbs-test-master/experiments/picture/coverage_ids_stress/stress_results_v82/cov20_indel02_seed2030/ccpdp.log
cov20_indel04_seed2026,20,4.0,2026,9984,999,10.006009615384615,5,/mnt/st_data/zhangzixin/bbs-test-master/experiments/picture/coverage_ids_stress/stress_results_v82/cov20_indel04_seed2026/ccpdp.log
cov20_indel04_seed2027,20,4.0,2027,9984,999,10.006009615384615,2,/mnt/st_data/zhangzixin/bbs-test-master/experiments/picture/coverage_ids_stress/stress_results_v82/cov20_indel04_seed2027/ccpdp.log
cov20_indel04_seed2028,20,4.0,2028,9984,999,10.006009615384615,1,/mnt/st_data/zhangzixin/bbs-test-master/experiments/picture/coverage_ids_stress/stress_results_v82/cov20_indel04_seed2028/ccpdp.log
cov20_indel04_seed2029,20,4.0,2029,9984,999,10.006009615384615,0,/mnt/st_data/zhangzixin/bbs-test-master/experiments/picture/coverage_ids_stress/stress_results_v82/cov20_indel04_seed2029/ccpdp.log
cov20_indel04_seed2030,20,4.0,2030,9984,999,10.006009615384615,3,/mnt/st_data/zhangzixin/bbs-test-master/experiments/picture/coverage_ids_stress/stress_results_v82/cov20_indel04_seed2030/ccpdp.log
cov20_indel06_seed2026,20,6.0,2026,9984,999,10.006009615384615,33,/mnt/st_data/zhangzixin/bbs-test-master/experiments/picture/coverage_ids_stress/stress_results_v82/cov20_indel06_seed2026/ccpdp.log
cov20_indel06_seed2027,20,6.0,2027,9984,999,10.006009615384615,46,/mnt/st_data/zhangzixin/bbs-test-master/experiments/picture/coverage_ids_stress/stress_results_v82/cov20_indel06_seed2027/ccpdp.log
cov20_indel06_seed2028,20,6.0,2028,9984,999,10.006009615384615,32,/mnt/st_data/zhangzixin/bbs-test-master/experiments/picture/coverage_ids_stress/stress_results_v82/cov20_indel06_seed2028/ccpdp.log
cov20_indel06_seed2029,20,6.0,2029,9984,999,10.006009615384615,34,/mnt/st_data/zhangzixin/bbs-test-master/experiments/picture/coverage_ids_stress/stress_results_v82/cov20_indel06_seed2029/ccpdp.log
cov20_indel06_seed2030,20,6.0,2030,9984,999,10.006009615384615,39,/mnt/st_data/zhangzixin/bbs-test-master/experiments/picture/coverage_ids_stress/stress_results_v82/cov20_indel06_seed2030/ccpdp.log
cov20_indel08_seed2026,20,8.0,2026,9984,999,10.006009615384615,244,/mnt/st_data/zhangzixin/bbs-test-master/experiments/picture/coverage_ids_stress/stress_results_v82/cov20_indel08_seed2026/ccpdp.log
cov20_indel08_seed2027,20,8.0,2027,9984,999,10.006009615384615,248,/mnt/st_data/zhangzixin/bbs-test-master/experiments/picture/coverage_ids_stress/stress_results_v82/cov20_indel08_seed2027/ccpdp.log
cov20_indel08_seed2028,20,8.0,2028,9984,999,10.006009615384615,287,/mnt/st_data/zhangzixin/bbs-test-master/experiments/picture/coverage_ids_stress/stress_results_v82/cov20_indel08_seed2028/ccpdp.log
cov20_indel08_seed2029,20,8.0,2029,9984,999,10.006009615384615,261,/mnt/st_data/zhangzixin/bbs-test-master/experiments/picture/coverage_ids_stress/stress_results_v82/cov20_indel08_seed2029/ccpdp.log
cov20_indel08_seed2030,20,8.0,2030,9984,999,10.006009615384615,248,/mnt/st_data/zhangzixin/bbs-test-master/experiments/picture/coverage_ids_stress/stress_results_v82/cov20_indel08_seed2030/ccpdp.log
cov20_indel10_seed2026,20,10.0,2026,9984,1023,10.24639423076923,1020,/mnt/st_data/zhangzixin/bbs-test-master/experiments/picture/coverage_ids_stress/stress_results_v82/cov20_indel10_seed2026/ccpdp.log
cov20_indel10_seed2027,20,10.0,2027,9984,1009,10.106169871794872,1007,/mnt/st_data/zhangzixin/bbs-test-master/experiments/picture/coverage_ids_stress/stress_results_v82/cov20_indel10_seed2027/ccpdp.log
cov20_indel10_seed2028,20,10.0,2028,9984,1016,10.176282051282051,1009,/mnt/st_data/zhangzixin/bbs-test-master/experiments/picture/coverage_ids_stress/stress_results_v82/cov20_indel10_seed2028/ccpdp.log
cov20_indel10_seed2029,20,10.0,2029,9984,1078,10.79727564102564,1066,/mnt/st_data/zhangzixin/bbs-test-master/experiments/picture/coverage_ids_stress/stress_results_v82/cov20_indel10_seed2029/ccpdp.log
cov20_indel10_seed2030,20,10.0,2030,9984,999,10.006009615384615,981,/mnt/st_data/zhangzixin/bbs-test-master/experiments/picture/coverage_ids_stress/stress_results_v82/cov20_indel10_seed2030/ccpdp.log
