coverage,total_indel_pct,decoded_fraction_pct_mean,decoded_fraction_pct_sd,changed_clusters_mean,changed_clusters_sd,seeds
5,2.0,10.006009615384615,0.0,389.6,12.095453691366851,5
5,4.0,17.78044871794872,0.3253589957660676,1752.0,32.155870381627054,5
5,6.0,44.00240384615385,0.681067649057162,4280.0,62.77738446287803,5
5,8.0,50.0,0.0,4986.2,3.1144823004794877,5
5,10.0,50.0,0.0,4987.8,2.5884358211089573,5
6,2.0,10.006009615384615,0.0,155.0,8.18535277187245,5
6,4.0,10.006009615384615,0.0,918.2,17.297398648351724,5
6,6.0,28.705929487179485,0.4772087039091188,2819.6,48.69599572860175,5
6,8.0,50.0,0.0,4986.2,1.6431676725154984,5
6,10.0,50.0,0.0,4989.0,1.5811388300841898,5
7,2.0,10.006009615384615,0.0,46.2,8.28854631404084,5
7,4.0,10.006009615384615,0.0,419.4,21.755459085020476,5
7,6.0,17.96073717948718,0.5119649156366336,1771.6,52.44330271826899,5
7,8.0,42.57011217948718,0.6751499692815791,4159.0,63.027771656627685,5
7,10.0,50.0,0.0,4990.2,1.3038404810405297,5
8,2.0,10.006009615384615,0.0,22.2,6.340346993658944,5
8,4.0,10.006009615384615,0.0,236.2,26.395075298244556,5
8,6.0,11.494391025641026,0.5825505124398099,1139.6,59.40370358824439,5
8,8.0,31.606570512820515,0.7473391605062203,3103.6,69.87345704915421,5
8,10.0,50.0,0.0,4990.2,0.8366600265340756,5
9,2.0,10.006009615384615,0.0,7.2,1.6431676725154984,5
9,4.0,10.006009615384615,0.0,120.8,12.517987058628874,5
9,6.0,10.006009615384615,0.0,746.0,29.68164415931166,5
9,8.0,24.545272435897438,0.37760549504969304,2414.2,34.84537272006141,5
9,10.0,49.44911858974359,0.4197180857323119,4849.8,35.3864380801459,5
10,2.0,10.006009615384615,0.0,2.8,1.6431676725154984,5
10,4.0,10.006009615384615,0.0,70.8,8.378544026261364,5
10,6.0,10.006009615384615,0.0,493.8,13.700364958642524,5
10,8.0,18.375400641025642,0.2981008851858768,1814.4,30.03830887383642,5
10,10.0,41.278044871794876,0.36831202085932924,4050.6,32.10607419165414,5
12,2.0,10.006009615384615,0.0,0.8,0.8366600265340756,5
12,4.0,10.006009615384615,0.0,31.4,8.734987120768983,5
12,6.0,10.006009615384615,0.0,245.4,14.310835055998654,5
12,8.0,10.997596153846155,0.6173074140846947,1089.2,62.57555433234291,5
12,10.0,29.593349358974358,0.8643603807165778,2916.4,82.70308337661903,5
15,2.0,10.006009615384615,0.0,0.2,0.44721359549995804,5
15,4.0,10.006009615384615,0.0,10.2,1.9235384061671346,5
15,6.0,10.006009615384615,0.0,111.8,4.658325879540846,5
15,8.0,10.006009615384615,0.0,586.0,20.91650066335189,5
15,10.0,19.308894230769234,0.4356913590100139,1914.0,41.14608122288197,5
20,2.0,10.006009615384615,0.0,0.0,0.0,5
20,4.0,10.006009615384615,0.0,2.2,1.9235384061671346,5
20,6.0,10.006009615384615,0.0,36.8,5.805170109479997,5
20,8.0,10.006009615384615,0.0,257.6,17.643695757975426,5
20,10.0,10.266426282051281,0.3097689722394252,1016.6,31.101446911679204,5
