record_type,dataset_short,order,decile,clusters,guide_failure_percent,final_failure_percent,structured_decoding_percent,auc,activated_percent,error_type,n,share_percent,exact_rescue_percent,partial_improvement_percent,unchanged_percent,worsened_percent,any_improvement_percent,ed_reduction_percent
gate,Srinivas,1,1,999,0.0,0.0,0.0,0.9963761434372184,10.006009615384615,,,,,,,,,
gate,Srinivas,2,2,998,0.0,0.0,0.0,0.9963761434372184,10.006009615384615,,,,,,,,,
gate,Srinivas,3,3,999,0.0,0.0,0.0,0.9963761434372184,10.006009615384615,,,,,,,,,
gate,Srinivas,4,4,998,0.10020040080160321,0.10020040080160321,0.0,0.9963761434372184,10.006009615384615,,,,,,,,,
gate,Srinivas,5,5,998,0.0,0.0,0.0,0.9963761434372184,10.006009615384615,,,,,,,,,
gate,Srinivas,6,6,999,0.1001001001001001,0.1001001001001001,0.0,0.9963761434372184,10.006009615384615,,,,,,,,,
gate,Srinivas,7,7,998,0.10020040080160321,0.10020040080160321,0.0,0.9963761434372184,10.006009615384615,,,,,,,,,
gate,Srinivas,8,8,999,0.1001001001001001,0.1001001001001001,0.0,0.9963761434372184,10.006009615384615,,,,,,,,,
gate,Srinivas,9,9,998,0.6012024048096193,0.6012024048096193,0.10020040080160321,0.9963761434372184,10.006009615384615,,,,,,,,,
gate,Srinivas,10,10,998,70.44088176352706,19.03807615230461,100.0,0.9963761434372184,10.006009615384615,,,,,,,,,
phase,Srinivas,1,,,,,,,,Substitution-only,178,25.320056899004268,92.69662921348315,1.1235955056179776,3.3707865168539324,2.808988764044944,93.82022471910112,89.35185185185185
phase,Srinivas,2,,,,,,,,Paired indel,429,61.02418207681366,76.45687645687646,5.594405594405594,17.482517482517483,0.4662004662004662,82.05128205128206,78.10077519379846
phase,Srinivas,3,,,,,,,,Mixed,96,13.655761024182077,55.208333333333336,39.583333333333336,5.208333333333333,0.0,94.79166666666667,70.54409005628519
gate,Chandak-108,1,1,147,1.3605442176870748,1.3605442176870748,100.0,0.9199865372972629,100.0,,,,,,,,,
gate,Chandak-108,2,2,147,0.0,0.0,100.0,0.9199865372972629,100.0,,,,,,,,,
gate,Chandak-108,3,3,146,1.36986301369863,0.0,100.0,0.9199865372972629,100.0,,,,,,,,,
gate,Chandak-108,4,4,147,4.081632653061225,3.401360544217687,100.0,0.9199865372972629,100.0,,,,,,,,,
gate,Chandak-108,5,5,146,1.36986301369863,1.36986301369863,100.0,0.9199865372972629,100.0,,,,,,,,,
gate,Chandak-108,6,6,147,4.081632653061225,3.401360544217687,100.0,0.9199865372972629,100.0,,,,,,,,,
gate,Chandak-108,7,7,147,6.802721088435374,4.761904761904762,100.0,0.9199865372972629,100.0,,,,,,,,,
gate,Chandak-108,8,8,146,9.58904109589041,2.0547945205479454,100.0,0.9199865372972629,100.0,,,,,,,,,
gate,Chandak-108,9,9,147,14.285714285714286,8.16326530612245,100.0,0.9199865372972629,100.0,,,,,,,,,
gate,Chandak-108,10,10,146,92.46575342465754,21.91780821917808,100.0,0.9199865372972629,100.0,,,,,,,,,
phase,Chandak-108,1,,,,,,,,Substitution-only,18,9.090909090909092,88.88888888888889,0.0,5.555555555555555,5.555555555555555,88.88888888888889,80.0
phase,Chandak-108,2,,,,,,,,Paired indel,153,77.27272727272727,67.3202614379085,6.5359477124183005,24.836601307189543,1.3071895424836601,73.85620915032679,70.85427135678393
phase,Chandak-108,3,,,,,,,,Mixed,27,13.636363636363637,55.55555555555556,33.333333333333336,7.407407407407407,3.7037037037037037,88.88888888888889,64.33566433566433
