dataset,dataset_label,length,coverage,n_seeds,n_clusters,success_rate_percent_mean,success_rate_percent_sd,success_rate_percent_sem,reconstruction_rate_percent_mean,reconstruction_rate_percent_sd,reconstruction_rate_percent_sem,mean_edit_distance_mean,mean_edit_distance_sd,mean_edit_distance_sem,algorithm_time_seconds_mean,algorithm_time_seconds_sd,algorithm_time_seconds_sem,wall_time_seconds_mean,wall_time_seconds_sd,wall_time_seconds_sem
chandak_108,Chandak et al. (108 bp),108,5,5,1372,33.23615160349854,0.46953712560951594,0.20998338616454698,97.5874635568513,0.031867305959806684,0.014251492477182385,2.6055393586005833,0.03441669043659516,0.01539161187535874,0.7947903999999999,0.01619395619668027,0.007242157376086208,0.8099478669464588,0.01625020289663422,0.00726731166500762
chandak_108,Chandak et al. (108 bp),108,10,5,1372,79.1399416909621,0.5930275687116046,0.26520999123411504,99.49856926897743,0.014059406824317921,0.006287557876499862,0.5415451895043731,0.015184159370262138,0.006790562506619307,0.9411936000000001,0.025727555058730336,0.011505712401237924,0.9575330697000026,0.02633972525049393,0.011779483233754419
chandak_108,Chandak et al. (108 bp),108,15,5,1372,88.9941690962099,0.7799174401979843,0.34878968262406396,99.74908217255157,0.026472753151624097,0.011838975119720655,0.27099125364431487,0.028590573403752418,0.012786093129297588,1.157484,0.008737793199658552,0.003907659913554383,1.1785810701549053,0.008992031408199642,0.004021358696909512
chandak_108,Chandak et al. (108 bp),108,20,5,1372,92.1137026239067,0.2697777773078955,0.1206482897758509,99.82480293704785,0.009598869217063993,0.004292744815297054,0.1892128279883382,0.010366778754430962,0.004636164400521646,1.346542,0.04918523274317202,0.021996304780576216,1.36598292440176,0.04921876096654193,0.0220112990579002
chandak_150,Chandak et al. (150 bp),150,5,5,4870,66.06160164271047,4.753369458226145,2.1257714461530015,99.45864476386036,0.08529627918409652,0.03814565569668802,0.8120328542094455,0.12794441877614735,0.05721848354503318,1.7568768,1.3670199051512382,0.6113498869026966,1.774394764751196,1.3685749047824383,0.6120453038787668
chandak_150,Chandak et al. (150 bp),150,10,5,4870,94.27515400410678,0.4716985984913741,0.21095002622361841,99.92082135523614,0.007194741610356294,0.0032175862642605958,0.11876796714579056,0.010792112415535408,0.004826379396391326,0.9150050000000001,0.023056471770416198,0.010311167639991108,0.9339772321283817,0.023356657567160346,0.010445414809471079
chandak_150,Chandak et al. (150 bp),150,15,5,4870,99.54414784394251,0.15255996403291228,0.06822689004450296,99.99373032169747,0.002150128196339471,0.0009615665614708142,0.009404517453798769,0.0032251922945046516,0.0014423498422041843,1.0077304,0.04582103485081934,0.020491789745163795,1.0275868333876133,0.045928710483062414,0.02053994375180695
chandak_150,Chandak et al. (150 bp),150,20,5,4870,99.90965092402465,0.03730164707307173,0.016681803705618888,99.99871321013003,0.0006391577018443513,0.0002858400139333024,0.0019301848049281315,0.000958736552766222,0.00042876002089981723,1.283406,0.05001772065978223,0.02236860469497374,1.3094375737011432,0.04849943626723581,0.021689607272791584
srinivas_110,Srinivasavaradhan et al. (110 bp),110,5,5,5504,88.04505813953489,0.21990767508921116,0.09834570205468265,99.77887156448203,0.008397189634847757,0.003755337368695244,0.24324127906976742,0.009236908598333175,0.004130871105565055,1.657178,0.053065896016179705,0.023731790155822618,1.682002229988575,0.05349172692555686,0.02392222752788019
srinivas_110,Srinivasavaradhan et al. (110 bp),110,10,5,5504,95.75944767441861,0.1369290965219257,0.06123655358413117,99.9254756871036,0.003792421416111277,0.0016960224171501663,0.08197674418604652,0.004171663557722723,0.0018656246588653251,1.75263,0.010839095903256856,0.004847391050864363,1.7795068070292472,0.011047537467406715,0.004940608952219456
srinivas_110,Srinivasavaradhan et al. (110 bp),110,15,5,5504,97.40552325581396,0.22634319044182097,0.10122375201441847,99.95348837209302,0.0047992932159814945,0.0021463091749776403,0.05116279069767442,0.005279222537584354,0.0023609400924775106,2.042086,0.037902336735351705,0.016950440289266774,2.070314919948578,0.03759072670630056,0.016811084047780964
srinivas_110,Srinivasavaradhan et al. (110 bp),110,20,5,5504,97.95421511627907,0.09834570205468306,0.04398153501784241,99.96468683932346,0.0024703693004455712,0.0011047827370649797,0.03884447674418605,0.0027174062304860832,0.0012152610107696686,2.4653300000000002,0.040428008855247916,0.01807995519905956,2.4967721089720727,0.040973207881886874,0.018323775616025845
