dataset,parameter,parameter_label,max_abs_success_delta_pp,max_abs_mean_ed_delta,runtime_min_s,runtime_max_s,decoded_min_percent,decoded_max_percent
Srinivas-110,coverage_threshold,Coverage switch,0.060096153846160405,0.0013020833333333356,1.8431766666666665,2.004443333333333,10.006009615384615,10.006009615384615
Srinivas-110,reuse_threshold,Reuse threshold,0.0,0.0,1.8938266666666665,1.9608066666666666,10.006009615384615,10.006009615384615
Srinivas-110,phase_thresholds,Phase-load thresholds,0.0,0.0,1.9608066666666666,2.5741433333333332,10.006009615384615,10.006009615384615
Srinivas-110,cross_weight_scale,Cross-weight scale,0.10016025641027682,0.001903044871794872,1.9608066666666666,2.60964,10.006009615384615,10.006009615384615
Srinivas-110,route_min_fraction,Minimum route fraction,0.0801282051282044,0.0013020833333333356,1.9608066666666666,3.33981,7.281650641025641,20.002003205128204
Srinivas-110,phase_band,Phase band,0.0,0.0002003205128205121,1.9608066666666666,2.7528433333333333,10.006009615384615,10.006009615384615
Chandak-108,coverage_threshold,Coverage switch,0.4774897680763672,0.012278308321964526,2.807766666666667,2.930503333333333,100.0,100.0
Chandak-108,reuse_threshold,Reuse threshold,0.0,0.0,2.898066666666667,2.941326666666667,100.0,100.0
Chandak-108,phase_thresholds,Phase-load thresholds,0.0,0.0,2.7727533333333336,2.946643333333333,100.0,100.0
Chandak-108,cross_weight_scale,Cross-weight scale,0.6139154160981946,0.009549795361527974,2.80043,2.930503333333333,100.0,100.0
Chandak-108,route_min_fraction,Minimum route fraction,0.0,0.0,2.9240066666666666,2.9521933333333332,100.0,100.0
Chandak-108,phase_band,Phase band,0.0,0.0,2.659596666666667,3.1736299999999997,100.0,100.0
