dataset,parameter,parameter_value,plot_x,success,success_sd,mean_ed,mean_ed_sd,reconstruction,runtime,runtime_sd,decoded,changed,routing_policy,success_delta,mean_ed_delta,runtime_delta_percent
Srinivas-110,coverage_threshold,20,20.0,98.02684294871794,0.0,0.04857772435897436,0.0,99.95583843240094,2.004443333333333,0.01857506482716366,10.006009615384615,679.0,adaptive-bimodal-anomaly,0.03004807692306599,-0.0005008012820512803,2.225444629931217
Srinivas-110,coverage_threshold,30,30.0,98.05689102564104,0.0,0.047976762820512824,0.0,99.95638476107224,1.9597666666666669,0.03514030496927044,10.006009615384615,701.0,adaptive-bimodal-anomaly,0.060096153846160405,-0.0011017628205128166,-0.05303939535087343
Srinivas-110,coverage_threshold,40,40.0,97.99679487179488,0.0,0.04907852564102564,0.0,99.95538315850816,1.9608066666666666,0.07551671492678505,10.006009615384615,704.0,adaptive-bimodal-anomaly,0.0,0.0,0.0
Srinivas-110,coverage_threshold,50,50.0,98.03685897435896,0.0,0.04837740384615385,0.0,99.95602054195804,1.88602,0.019069260604438792,10.006009615384615,709.0,adaptive-bimodal-anomaly,0.04006410256408799,-0.0007011217948717924,-3.814076519527676
Srinivas-110,coverage_threshold,60,60.0,97.95673076923077,0.0,0.050380608974358976,0.0,99.95419944638695,1.8431766666666665,0.005477831079298945,10.006009615384615,711.0,adaptive-bimodal-anomaly,-0.0400641025641022,0.0013020833333333356,-5.999061610697643
Srinivas-110,cross_weight_scale,0.75,0.75,97.9266826923077,0.0,0.05088141025641026,0.0,99.95374417249417,2.5951299999999997,0.05296254903231146,10.006009615384615,689.0,adaptive-bimodal-anomaly,-0.0701121794871824,0.0018028846153846229,32.35012120861822
Srinivas-110,cross_weight_scale,1.00,1.0,97.99679487179488,0.0,0.04907852564102564,0.0,99.95538315850816,1.9608066666666666,0.07551671492678505,10.006009615384615,704.0,adaptive-bimodal-anomaly,0.0,0.0,0.0
Srinivas-110,cross_weight_scale,1.25,1.25,97.8966346153846,0.0,0.05098157051282051,0.0,99.95365311771563,2.60964,0.03939623839911613,10.006009615384615,713.0,adaptive-bimodal-anomaly,-0.10016025641027682,0.001903044871794872,33.09012277260042
Srinivas-110,route_min_fraction,0.05,0.05,97.91666666666667,0.0,0.050380608974358976,0.0,99.95419944638695,2.3498266666666665,0.08410240563344981,7.281650641025641,688.0,adaptive-bimodal-anomaly,-0.0801282051282044,0.0013020833333333356,19.839793826350373
Srinivas-110,route_min_fraction,0.10,0.1,97.99679487179488,0.0,0.04907852564102564,0.0,99.95538315850816,1.9608066666666666,0.07551671492678505,10.006009615384615,704.0,adaptive-bimodal-anomaly,0.0,0.0,0.0
Srinivas-110,route_min_fraction,0.15,0.15,98.0068108974359,0.0,0.04887820512820513,0.0,99.95556526806529,2.9473333333333334,0.03442007021104612,15.00400641025641,705.0,adaptive-bimodal-anomaly,0.010016025641021997,-0.0002003205128205121,50.312286439934596
Srinivas-110,route_min_fraction,0.20,0.2,98.0068108974359,0.0,0.04887820512820513,0.0,99.95556526806529,3.33981,0.09608082899309303,20.002003205128204,705.0,adaptive-bimodal-anomaly,0.010016025641021997,-0.0002003205128205121,70.32836825660186
Chandak-108,coverage_threshold,20,20.0,94.88403819918146,0.0,0.13437926330150068,0.0,99.87557475620231,2.83376,0.06199858950008466,100.0,139.0,low-reuse-high-phase-dense,-0.4774897680763672,0.012278308321964526,-3.301253140814253
Chandak-108,coverage_threshold,30,30.0,95.225102319236,0.0,0.12892223738062755,0.0,99.8806275579809,2.88052,0.021855866489343317,100.0,148.0,low-reuse-high-phase-dense,-0.13642564802182733,0.006821282401091394,-1.7056228110984062
Chandak-108,coverage_threshold,40,40.0,95.36152796725783,0.0,0.12210095497953616,0.0,99.88694356020413,2.930503333333333,0.11257132198447942,100.0,170.0,low-reuse-high-phase-dense,0.0,0.0,0.0
Chandak-108,coverage_threshold,50,50.0,95.36152796725783,0.0,0.12346521145975443,0.0,99.88568035975949,2.87306,0.06507492374179173,100.0,183.0,low-reuse-high-phase-dense,0.0,0.001364256480218276,-1.9601865891069714
Chandak-108,coverage_threshold,60,60.0,95.42974079126877,0.0,0.12210095497953616,0.0,99.88694356020413,2.807766666666667,0.06364400704962986,100.0,196.0,low-reuse-high-phase-dense,0.06821282401094209,0.0,-4.18824525024708
Chandak-108,cross_weight_scale,0.75,0.75,94.74761255115963,0.0,0.13165075034106413,0.0,99.87810115709162,2.80043,0.08561266962313477,100.0,164.0,low-reuse-high-phase-dense,-0.6139154160981946,0.009549795361527974,-4.43860042245301
Chandak-108,cross_weight_scale,1.00,1.0,95.36152796725783,0.0,0.12210095497953616,0.0,99.88694356020413,2.930503333333333,0.11257132198447942,100.0,170.0,low-reuse-high-phase-dense,0.0,0.0,0.0
Chandak-108,cross_weight_scale,1.25,1.25,95.08867667121417,0.0,0.1275579809004093,0.0,99.88189075842554,2.9106433333333332,0.018005405669779723,100.0,179.0,low-reuse-high-phase-dense,-0.27285129604365466,0.005457025920873132,-0.6776992803283921
Chandak-108,route_min_fraction,0.05,0.05,95.36152796725783,0.0,0.12210095497953616,0.0,99.88694356020413,2.9521933333333332,0.03935016941937275,100.0,170.0,low-reuse-high-phase-dense,0.0,0.0,0.7401458907514424
Chandak-108,route_min_fraction,0.10,0.1,95.36152796725783,0.0,0.12210095497953616,0.0,99.88694356020413,2.930503333333333,0.11257132198447942,100.0,170.0,low-reuse-high-phase-dense,0.0,0.0,0.0
Chandak-108,route_min_fraction,0.15,0.15,95.36152796725783,0.0,0.12210095497953616,0.0,99.88694356020413,2.9240066666666666,0.057791937442288034,100.0,170.0,low-reuse-high-phase-dense,0.0,0.0,-0.2216911543068134
Chandak-108,route_min_fraction,0.20,0.2,95.36152796725783,0.0,0.12210095497953616,0.0,99.88694356020413,2.9320333333333335,0.026656962192517997,100.0,170.0,low-reuse-high-phase-dense,0.0,0.0,0.05220946117336922
