clusters,exact,success_percent,mean_ed,reconstruction_percent,elapsed_seconds,phase_load,total_error,reuse,cross_trust,cross_accepted,cross_weight,local_weight,decoded_clusters,changed_clusters,planned_clusters,routing_policy,dataset,parameter,parameter_value,plot_x,setting_tag,repeat,external_wall_seconds,decoded_fraction_percent
9984,9784,97.99679487179488,0.04907852564102564,99.95538315850816,2.04662,3.82907,0.0558336,0.989565,1.0,yes,0.68,0.0,999,704,999,adaptive-bimodal-anomaly,Srinivas-110,baseline,default,0.0,baseline,1,2.1115232184529305,10.006009615384615
9984,9784,97.99679487179488,0.04907852564102564,99.95538315850816,1.90449,3.82907,0.0558336,0.989565,1.0,yes,0.68,0.0,999,704,999,adaptive-bimodal-anomaly,Srinivas-110,baseline,default,0.0,baseline,2,1.9513604305684566,10.006009615384615
9984,9784,97.99679487179488,0.04907852564102564,99.95538315850816,1.93131,3.82907,0.0558336,0.989565,1.0,yes,0.68,0.0,999,704,999,adaptive-bimodal-anomaly,Srinivas-110,baseline,default,0.0,baseline,3,1.9866153560578823,10.006009615384615
9984,9787,98.02684294871794,0.04857772435897436,99.95583843240094,2.02568,3.83406,0.0558747,0.989939,1.0,yes,0.68,0.0,999,679,999,adaptive-bimodal-anomaly,Srinivas-110,coverage_threshold,20,20.0,coverage_20,1,2.059843208640814,10.006009615384615
9984,9787,98.02684294871794,0.04857772435897436,99.95583843240094,1.99643,3.83406,0.0558747,0.989939,1.0,yes,0.68,0.0,999,679,999,adaptive-bimodal-anomaly,Srinivas-110,coverage_threshold,20,20.0,coverage_20,2,2.0308502838015556,10.006009615384615
9984,9787,98.02684294871794,0.04857772435897436,99.95583843240094,1.99122,3.83406,0.0558747,0.989939,1.0,yes,0.68,0.0,999,679,999,adaptive-bimodal-anomaly,Srinivas-110,coverage_threshold,20,20.0,coverage_20,3,2.024891559034586,10.006009615384615
9984,9790,98.05689102564102,0.047976762820512824,99.95638476107226,1.92738,3.8288,0.0558348,0.989661,1.0,yes,0.68,0.0,999,701,999,adaptive-bimodal-anomaly,Srinivas-110,coverage_threshold,30,30.0,coverage_30,1,1.9732822477817535,10.006009615384615
9984,9790,98.05689102564102,0.047976762820512824,99.95638476107226,1.99713,3.8288,0.0558348,0.989661,1.0,yes,0.68,0.0,999,701,999,adaptive-bimodal-anomaly,Srinivas-110,coverage_threshold,30,30.0,coverage_30,2,2.03754660859704,10.006009615384615
9984,9790,98.05689102564102,0.047976762820512824,99.95638476107226,1.95479,3.8288,0.0558348,0.989661,1.0,yes,0.68,0.0,999,701,999,adaptive-bimodal-anomaly,Srinivas-110,coverage_threshold,30,30.0,coverage_30,3,2.0009110048413277,10.006009615384615
9984,9788,98.03685897435898,0.04837740384615385,99.95602054195804,1.86468,3.83046,0.0558433,0.989538,1.0,yes,0.68,0.0,999,709,999,adaptive-bimodal-anomaly,Srinivas-110,coverage_threshold,50,50.0,coverage_50,1,1.9116281233727932,10.006009615384615
9984,9788,98.03685897435898,0.04837740384615385,99.95602054195804,1.90139,3.83046,0.0558433,0.989538,1.0,yes,0.68,0.0,999,709,999,adaptive-bimodal-anomaly,Srinivas-110,coverage_threshold,50,50.0,coverage_50,2,1.949355211108923,10.006009615384615
9984,9788,98.03685897435898,0.04837740384615385,99.95602054195804,1.89199,3.83046,0.0558433,0.989538,1.0,yes,0.68,0.0,999,709,999,adaptive-bimodal-anomaly,Srinivas-110,coverage_threshold,50,50.0,coverage_50,3,1.9383167922496796,10.006009615384615
9984,9780,97.95673076923077,0.050380608974358976,99.95419944638695,1.8376,3.8298,0.0558406,0.989516,1.0,yes,0.68,0.0,999,711,999,adaptive-bimodal-anomaly,Srinivas-110,coverage_threshold,60,60.0,coverage_60,1,1.8861524276435375,10.006009615384615
9984,9780,97.95673076923077,0.050380608974358976,99.95419944638695,1.84338,3.8298,0.0558406,0.989516,1.0,yes,0.68,0.0,999,711,999,adaptive-bimodal-anomaly,Srinivas-110,coverage_threshold,60,60.0,coverage_60,2,1.890402376651764,10.006009615384615
9984,9780,97.95673076923077,0.050380608974358976,99.95419944638695,1.84855,3.8298,0.0558406,0.989516,1.0,yes,0.68,0.0,999,711,999,adaptive-bimodal-anomaly,Srinivas-110,coverage_threshold,60,60.0,coverage_60,3,1.8951056972146034,10.006009615384615
9984,9784,97.99679487179488,0.04907852564102564,99.95538315850816,1.90726,3.82907,0.0558336,0.989565,1.0,yes,0.68,0.0,999,704,999,adaptive-bimodal-anomaly,Srinivas-110,reuse_threshold,0.30,0.3,reuse_0.30,1,1.9552245996892452,10.006009615384615
9984,9784,97.99679487179488,0.04907852564102564,99.95538315850816,1.89502,3.82907,0.0558336,0.989565,1.0,yes,0.68,0.0,999,704,999,adaptive-bimodal-anomaly,Srinivas-110,reuse_threshold,0.30,0.3,reuse_0.30,2,1.941643364727497,10.006009615384615
9984,9784,97.99679487179488,0.04907852564102564,99.95538315850816,1.89394,3.82907,0.0558336,0.989565,1.0,yes,0.68,0.0,999,704,999,adaptive-bimodal-anomaly,Srinivas-110,reuse_threshold,0.30,0.3,reuse_0.30,3,1.9420074671506882,10.006009615384615
9984,9784,97.99679487179488,0.04907852564102564,99.95538315850816,1.94268,3.82907,0.0558336,0.989565,1.0,yes,0.68,0.0,999,704,999,adaptive-bimodal-anomaly,Srinivas-110,reuse_threshold,0.40,0.4,reuse_0.40,1,1.9905093982815742,10.006009615384615
9984,9784,97.99679487179488,0.04907852564102564,99.95538315850816,1.90613,3.82907,0.0558336,0.989565,1.0,yes,0.68,0.0,999,704,999,adaptive-bimodal-anomaly,Srinivas-110,reuse_threshold,0.40,0.4,reuse_0.40,2,1.9537184908986092,10.006009615384615
9984,9784,97.99679487179488,0.04907852564102564,99.95538315850816,1.91859,3.82907,0.0558336,0.989565,1.0,yes,0.68,0.0,999,704,999,adaptive-bimodal-anomaly,Srinivas-110,reuse_threshold,0.40,0.4,reuse_0.40,3,1.9646527469158173,10.006009615384615
9984,9784,97.99679487179488,0.04907852564102564,99.95538315850816,1.89888,3.82907,0.0558336,0.989565,1.0,yes,0.68,0.0,999,704,999,adaptive-bimodal-anomaly,Srinivas-110,reuse_threshold,0.60,0.6,reuse_0.60,1,1.945818044245243,10.006009615384615
9984,9784,97.99679487179488,0.04907852564102564,99.95538315850816,1.89028,3.82907,0.0558336,0.989565,1.0,yes,0.68,0.0,999,704,999,adaptive-bimodal-anomaly,Srinivas-110,reuse_threshold,0.60,0.6,reuse_0.60,2,1.9369465447962284,10.006009615384615
9984,9784,97.99679487179488,0.04907852564102564,99.95538315850816,1.93031,3.82907,0.0558336,0.989565,1.0,yes,0.68,0.0,999,704,999,adaptive-bimodal-anomaly,Srinivas-110,reuse_threshold,0.60,0.6,reuse_0.60,3,1.9764682576060295,10.006009615384615
9984,9784,97.99679487179488,0.04907852564102564,99.95538315850816,1.89346,3.82907,0.0558336,0.989565,1.0,yes,0.68,0.0,999,704,999,adaptive-bimodal-anomaly,Srinivas-110,reuse_threshold,0.70,0.7,reuse_0.70,1,1.9396884255111217,10.006009615384615
9984,9784,97.99679487179488,0.04907852564102564,99.95538315850816,1.8935,3.82907,0.0558336,0.989565,1.0,yes,0.68,0.0,999,704,999,adaptive-bimodal-anomaly,Srinivas-110,reuse_threshold,0.70,0.7,reuse_0.70,2,1.9686379544436932,10.006009615384615
9984,9784,97.99679487179488,0.04907852564102564,99.95538315850816,1.89452,3.82907,0.0558336,0.989565,1.0,yes,0.68,0.0,999,704,999,adaptive-bimodal-anomaly,Srinivas-110,reuse_threshold,0.70,0.7,reuse_0.70,3,1.942471206188202,10.006009615384615
9984,9784,97.99679487179488,0.04907852564102564,99.95538315850816,2.60343,3.82907,0.0558336,0.989565,1.0,yes,0.68,0.0,999,704,999,adaptive-bimodal-anomaly,Srinivas-110,phase_thresholds,2.5/5,0.0,phase_2.5_5,1,2.6293289363384247,10.006009615384615
9984,9784,97.99679487179488,0.04907852564102564,99.95538315850816,2.40131,3.82907,0.0558336,0.989565,1.0,yes,0.68,0.0,999,704,999,adaptive-bimodal-anomaly,Srinivas-110,phase_thresholds,2.5/5,0.0,phase_2.5_5,2,2.431169383227825,10.006009615384615
9984,9784,97.99679487179488,0.04907852564102564,99.95538315850816,2.48961,3.82907,0.0558336,0.989565,1.0,yes,0.68,0.0,999,704,999,adaptive-bimodal-anomaly,Srinivas-110,phase_thresholds,2.5/5,0.0,phase_2.5_5,3,2.5187757052481174,10.006009615384615
9984,9784,97.99679487179488,0.04907852564102564,99.95538315850816,2.62746,3.82907,0.0558336,0.989565,1.0,yes,0.68,0.0,999,704,999,adaptive-bimodal-anomaly,Srinivas-110,phase_thresholds,3.5/7,2.0,phase_3.5_7,1,2.655008550733328,10.006009615384615
9984,9784,97.99679487179488,0.04907852564102564,99.95538315850816,2.53265,3.82907,0.0558336,0.989565,1.0,yes,0.68,0.0,999,704,999,adaptive-bimodal-anomaly,Srinivas-110,phase_thresholds,3.5/7,2.0,phase_3.5_7,2,2.566350992769003,10.006009615384615
9984,9784,97.99679487179488,0.04907852564102564,99.95538315850816,2.56232,3.82907,0.0558336,0.989565,1.0,yes,0.68,0.0,999,704,999,adaptive-bimodal-anomaly,Srinivas-110,phase_thresholds,3.5/7,2.0,phase_3.5_7,3,2.590747404843569,10.006009615384615
9984,9777,97.9266826923077,0.050881410256410256,99.95374417249417,2.57299,3.82907,0.0558336,0.989565,1.0,yes,0.51,0.0,999,689,999,adaptive-bimodal-anomaly,Srinivas-110,cross_weight_scale,0.75,0.75,cross_scale_0.75,1,2.6008313931524754,10.006009615384615
9984,9777,97.9266826923077,0.050881410256410256,99.95374417249417,2.55683,3.82907,0.0558336,0.989565,1.0,yes,0.51,0.0,999,689,999,adaptive-bimodal-anomaly,Srinivas-110,cross_weight_scale,0.75,0.75,cross_scale_0.75,2,2.5849160701036453,10.006009615384615
9984,9777,97.9266826923077,0.050881410256410256,99.95374417249417,2.65557,3.82907,0.0558336,0.989565,1.0,yes,0.51,0.0,999,689,999,adaptive-bimodal-anomaly,Srinivas-110,cross_weight_scale,0.75,0.75,cross_scale_0.75,3,2.6827715151011944,10.006009615384615
9984,9774,97.89663461538461,0.05098157051282051,99.95365311771562,2.56944,3.82907,0.0558336,0.989565,1.0,yes,0.85,0.0,999,713,999,adaptive-bimodal-anomaly,Srinivas-110,cross_weight_scale,1.25,1.25,cross_scale_1.25,1,2.5978511944413185,10.006009615384615
9984,9774,97.89663461538461,0.05098157051282051,99.95365311771562,2.64818,3.82907,0.0558336,0.989565,1.0,yes,0.85,0.0,999,713,999,adaptive-bimodal-anomaly,Srinivas-110,cross_weight_scale,1.25,1.25,cross_scale_1.25,2,2.6754804588854313,10.006009615384615
9984,9774,97.89663461538461,0.05098157051282051,99.95365311771562,2.6113,3.82907,0.0558336,0.989565,1.0,yes,0.85,0.0,999,713,999,adaptive-bimodal-anomaly,Srinivas-110,cross_weight_scale,1.25,1.25,cross_scale_1.25,3,2.6378337740898132,10.006009615384615
9984,9776,97.91666666666667,0.050380608974358976,99.95419944638695,2.26097,3.82907,0.0558336,0.989565,1.0,yes,0.68,0.0,727,688,727,adaptive-bimodal-anomaly,Srinivas-110,route_min_fraction,0.05,0.05,route_floor_0.05,1,2.290176186710596,7.281650641025641
9984,9776,97.91666666666667,0.050380608974358976,99.95419944638695,2.36032,3.82907,0.0558336,0.989565,1.0,yes,0.68,0.0,727,688,727,adaptive-bimodal-anomaly,Srinivas-110,route_min_fraction,0.05,0.05,route_floor_0.05,2,2.3887659646570683,7.281650641025641
9984,9776,97.91666666666667,0.050380608974358976,99.95419944638695,2.42819,3.82907,0.0558336,0.989565,1.0,yes,0.68,0.0,727,688,727,adaptive-bimodal-anomaly,Srinivas-110,route_min_fraction,0.05,0.05,route_floor_0.05,3,2.4557307064533234,7.281650641025641
9984,9785,98.0068108974359,0.04887820512820513,99.95556526806527,2.91762,3.82907,0.0558336,0.989565,1.0,yes,0.68,0.0,1498,705,1498,adaptive-bimodal-anomaly,Srinivas-110,route_min_fraction,0.15,0.15,route_floor_0.15,1,2.946274820715189,15.00400641025641
9984,9785,98.0068108974359,0.04887820512820513,99.95556526806527,2.93933,3.82907,0.0558336,0.989565,1.0,yes,0.68,0.0,1498,705,1498,adaptive-bimodal-anomaly,Srinivas-110,route_min_fraction,0.15,0.15,route_floor_0.15,2,2.9676432237029076,15.00400641025641
9984,9785,98.0068108974359,0.04887820512820513,99.95556526806527,2.98505,3.82907,0.0558336,0.989565,1.0,yes,0.68,0.0,1498,705,1498,adaptive-bimodal-anomaly,Srinivas-110,route_min_fraction,0.15,0.15,route_floor_0.15,3,3.0138203352689743,15.00400641025641
9984,9785,98.0068108974359,0.04887820512820513,99.95556526806527,3.4433,3.82907,0.0558336,0.989565,1.0,yes,0.68,0.0,1997,705,1997,adaptive-bimodal-anomaly,Srinivas-110,route_min_fraction,0.20,0.2,route_floor_0.20,1,3.4710008464753628,20.002003205128204
9984,9785,98.0068108974359,0.04887820512820513,99.95556526806527,3.25344,3.82907,0.0558336,0.989565,1.0,yes,0.68,0.0,1997,705,1997,adaptive-bimodal-anomaly,Srinivas-110,route_min_fraction,0.20,0.2,route_floor_0.20,2,3.28244149684906,20.002003205128204
9984,9785,98.0068108974359,0.04887820512820513,99.95556526806527,3.32269,3.82907,0.0558336,0.989565,1.0,yes,0.68,0.0,1997,705,1997,adaptive-bimodal-anomaly,Srinivas-110,route_min_fraction,0.20,0.2,route_floor_0.20,3,3.3512780889868736,20.002003205128204
9984,9784,97.99679487179488,0.04927884615384615,99.95520104895105,2.36116,3.82907,0.0558336,0.989565,1.0,yes,0.68,0.0,999,704,999,adaptive-bimodal-anomaly,Srinivas-110,phase_band,4,4.0,phase_band_4,1,2.3887104727327824,10.006009615384615
9984,9784,97.99679487179488,0.04927884615384615,99.95520104895105,2.33282,3.82907,0.0558336,0.989565,1.0,yes,0.68,0.0,999,704,999,adaptive-bimodal-anomaly,Srinivas-110,phase_band,4,4.0,phase_band_4,2,2.3608099073171616,10.006009615384615
9984,9784,97.99679487179488,0.04927884615384615,99.95520104895105,2.3547,3.82907,0.0558336,0.989565,1.0,yes,0.68,0.0,999,704,999,adaptive-bimodal-anomaly,Srinivas-110,phase_band,4,4.0,phase_band_4,3,2.3823318257927895,10.006009615384615
9984,9784,97.99679487179488,0.04907852564102564,99.95538315850816,2.79677,3.82907,0.0558336,0.989565,1.0,yes,0.68,0.0,999,704,999,adaptive-bimodal-anomaly,Srinivas-110,phase_band,8,8.0,phase_band_8,1,2.8255532160401344,10.006009615384615
9984,9784,97.99679487179488,0.04907852564102564,99.95538315850816,2.70841,3.82907,0.0558336,0.989565,1.0,yes,0.68,0.0,999,704,999,adaptive-bimodal-anomaly,Srinivas-110,phase_band,8,8.0,phase_band_8,2,2.7388236224651337,10.006009615384615
9984,9784,97.99679487179488,0.04907852564102564,99.95538315850816,2.75335,3.82907,0.0558336,0.989565,1.0,yes,0.68,0.0,999,704,999,adaptive-bimodal-anomaly,Srinivas-110,phase_band,8,8.0,phase_band_8,3,2.782578881829977,10.006009615384615
1466,1398,95.36152796725784,0.12210095497953616,99.88694356020413,2.80055,9.15961,0.130999,0.125983,1.0,yes,0.5,0.4,1466,170,1466,low-reuse-high-phase-dense,Chandak-108,baseline,default,0.0,baseline,1,2.8267012163996696,100.0
1466,1398,95.36152796725784,0.12210095497953616,99.88694356020413,2.99801,9.15961,0.130999,0.125983,1.0,yes,0.5,0.4,1466,170,1466,low-reuse-high-phase-dense,Chandak-108,baseline,default,0.0,baseline,2,3.0233809240162373,100.0
1466,1398,95.36152796725784,0.12210095497953616,99.88694356020413,2.99295,9.15961,0.130999,0.125983,1.0,yes,0.5,0.4,1466,170,1466,low-reuse-high-phase-dense,Chandak-108,baseline,default,0.0,baseline,3,3.017006851732731,100.0
1466,1391,94.88403819918145,0.13437926330150068,99.87557475620231,2.86207,9.16229,0.130986,0.127326,1.0,yes,0.5,0.4,1466,139,1466,low-reuse-high-phase-dense,Chandak-108,coverage_threshold,20,20.0,coverage_20,1,2.886986505240202,100.0
1466,1391,94.88403819918145,0.13437926330150068,99.87557475620231,2.87655,9.16229,0.130986,0.127326,1.0,yes,0.5,0.4,1466,139,1466,low-reuse-high-phase-dense,Chandak-108,coverage_threshold,20,20.0,coverage_20,2,2.9013962857425213,100.0
1466,1391,94.88403819918145,0.13437926330150068,99.87557475620231,2.76266,9.16229,0.130986,0.127326,1.0,yes,0.5,0.4,1466,139,1466,low-reuse-high-phase-dense,Chandak-108,coverage_threshold,20,20.0,coverage_20,3,2.789027314633131,100.0
1466,1396,95.22510231923602,0.12892223738062755,99.8806275579809,2.89709,9.16229,0.130927,0.126827,1.0,yes,0.5,0.4,1466,148,1466,low-reuse-high-phase-dense,Chandak-108,coverage_threshold,30,30.0,coverage_30,1,2.9219157062470913,100.0
1466,1396,95.22510231923602,0.12892223738062755,99.8806275579809,2.88872,9.16229,0.130927,0.126827,1.0,yes,0.5,0.4,1466,148,1466,low-reuse-high-phase-dense,Chandak-108,coverage_threshold,30,30.0,coverage_30,2,2.911764118820429,100.0
1466,1396,95.22510231923602,0.12892223738062755,99.8806275579809,2.85575,9.16229,0.130927,0.126827,1.0,yes,0.5,0.4,1466,148,1466,low-reuse-high-phase-dense,Chandak-108,coverage_threshold,30,30.0,coverage_30,3,2.8833337165415287,100.0
1466,1398,95.36152796725784,0.12346521145975443,99.88568035975949,2.88263,9.15845,0.130999,0.125624,1.0,yes,0.5,0.4,1466,183,1466,low-reuse-high-phase-dense,Chandak-108,coverage_threshold,50,50.0,coverage_50,1,2.9074866585433483,100.0
1466,1398,95.36152796725784,0.12346521145975443,99.88568035975949,2.93282,9.15845,0.130999,0.125624,1.0,yes,0.5,0.4,1466,183,1466,low-reuse-high-phase-dense,Chandak-108,coverage_threshold,50,50.0,coverage_50,2,2.9566174559295177,100.0
1466,1398,95.36152796725784,0.12346521145975443,99.88568035975949,2.80373,9.15845,0.130999,0.125624,1.0,yes,0.5,0.4,1466,183,1466,low-reuse-high-phase-dense,Chandak-108,coverage_threshold,50,50.0,coverage_50,3,2.829088170081377,100.0
1466,1399,95.42974079126876,0.12210095497953616,99.88694356020413,2.74107,9.16219,0.131072,0.125336,1.0,yes,0.5,0.4,1466,196,1466,low-reuse-high-phase-dense,Chandak-108,coverage_threshold,60,60.0,coverage_60,1,2.766530577093363,100.0
1466,1399,95.42974079126876,0.12210095497953616,99.88694356020413,2.86784,9.16219,0.131072,0.125336,1.0,yes,0.5,0.4,1466,196,1466,low-reuse-high-phase-dense,Chandak-108,coverage_threshold,60,60.0,coverage_60,2,2.8925312161445618,100.0
1466,1399,95.42974079126876,0.12210095497953616,99.88694356020413,2.81439,9.16219,0.131072,0.125336,1.0,yes,0.5,0.4,1466,196,1466,low-reuse-high-phase-dense,Chandak-108,coverage_threshold,60,60.0,coverage_60,3,2.8392064049839973,100.0
1466,1398,95.36152796725784,0.12210095497953616,99.88694356020413,2.94546,9.15961,0.130999,0.125983,1.0,yes,0.5,0.4,1466,170,1466,low-reuse-high-phase-dense,Chandak-108,reuse_threshold,0.30,0.3,reuse_0.30,1,2.970068648457527,100.0
1466,1398,95.36152796725784,0.12210095497953616,99.88694356020413,2.89422,9.15961,0.130999,0.125983,1.0,yes,0.5,0.4,1466,170,1466,low-reuse-high-phase-dense,Chandak-108,reuse_threshold,0.30,0.3,reuse_0.30,2,2.919791240245104,100.0
1466,1398,95.36152796725784,0.12210095497953616,99.88694356020413,2.89388,9.15961,0.130999,0.125983,1.0,yes,0.5,0.4,1466,170,1466,low-reuse-high-phase-dense,Chandak-108,reuse_threshold,0.30,0.3,reuse_0.30,3,2.9191272482275963,100.0
1466,1398,95.36152796725784,0.12210095497953616,99.88694356020413,2.92261,9.15961,0.130999,0.125983,1.0,yes,0.5,0.4,1466,170,1466,low-reuse-high-phase-dense,Chandak-108,reuse_threshold,0.40,0.4,reuse_0.40,1,2.9491971358656883,100.0
1466,1398,95.36152796725784,0.12210095497953616,99.88694356020413,2.97578,9.15961,0.130999,0.125983,1.0,yes,0.5,0.4,1466,170,1466,low-reuse-high-phase-dense,Chandak-108,reuse_threshold,0.40,0.4,reuse_0.40,2,3.001835450530052,100.0
1466,1398,95.36152796725784,0.12210095497953616,99.88694356020413,2.92559,9.15961,0.130999,0.125983,1.0,yes,0.5,0.4,1466,170,1466,low-reuse-high-phase-dense,Chandak-108,reuse_threshold,0.40,0.4,reuse_0.40,3,2.9515893384814262,100.0
1466,1398,95.36152796725784,0.12210095497953616,99.88694356020413,2.72372,9.15961,0.130999,0.125983,1.0,yes,0.5,0.4,1466,170,1466,low-reuse-high-phase-dense,Chandak-108,reuse_threshold,0.60,0.6,reuse_0.60,1,2.7498764023184776,100.0
1466,1398,95.36152796725784,0.12210095497953616,99.88694356020413,3.01714,9.15961,0.130999,0.125983,1.0,yes,0.5,0.4,1466,170,1466,low-reuse-high-phase-dense,Chandak-108,reuse_threshold,0.60,0.6,reuse_0.60,2,3.042196162045002,100.0
1466,1398,95.36152796725784,0.12210095497953616,99.88694356020413,2.95334,9.15961,0.130999,0.125983,1.0,yes,0.5,0.4,1466,170,1466,low-reuse-high-phase-dense,Chandak-108,reuse_threshold,0.60,0.6,reuse_0.60,3,2.9793796874582767,100.0
1466,1398,95.36152796725784,0.12210095497953616,99.88694356020413,2.90603,9.15961,0.130999,0.125983,1.0,yes,0.5,0.4,1466,170,1466,low-reuse-high-phase-dense,Chandak-108,reuse_threshold,0.70,0.7,reuse_0.70,1,2.935609545558691,100.0
1466,1398,95.36152796725784,0.12210095497953616,99.88694356020413,2.97114,9.15961,0.130999,0.125983,1.0,yes,0.5,0.4,1466,170,1466,low-reuse-high-phase-dense,Chandak-108,reuse_threshold,0.70,0.7,reuse_0.70,2,2.996311690658331,100.0
1466,1398,95.36152796725784,0.12210095497953616,99.88694356020413,2.86785,9.15961,0.130999,0.125983,1.0,yes,0.5,0.4,1466,170,1466,low-reuse-high-phase-dense,Chandak-108,reuse_threshold,0.70,0.7,reuse_0.70,3,2.893252808600664,100.0
1466,1398,95.36152796725784,0.12210095497953616,99.88694356020413,2.67063,9.15961,0.130999,0.125983,1.0,yes,0.5,0.4,1466,170,1466,low-reuse-high-phase-dense,Chandak-108,phase_thresholds,2.5/5,0.0,phase_2.5_5,1,2.697168193757534,100.0
1466,1398,95.36152796725784,0.12210095497953616,99.88694356020413,2.75851,9.15961,0.130999,0.125983,1.0,yes,0.5,0.4,1466,170,1466,low-reuse-high-phase-dense,Chandak-108,phase_thresholds,2.5/5,0.0,phase_2.5_5,2,2.7845726311206818,100.0
1466,1398,95.36152796725784,0.12210095497953616,99.88694356020413,2.88912,9.15961,0.130999,0.125983,1.0,yes,0.5,0.4,1466,170,1466,low-reuse-high-phase-dense,Chandak-108,phase_thresholds,2.5/5,0.0,phase_2.5_5,3,2.91519633308053,100.0
1466,1398,95.36152796725784,0.12210095497953616,99.88694356020413,2.99954,9.15961,0.130999,0.125983,1.0,yes,0.5,0.4,1466,170,1466,low-reuse-high-phase-dense,Chandak-108,phase_thresholds,3.5/7,2.0,phase_3.5_7,1,3.024866882711649,100.0
1466,1398,95.36152796725784,0.12210095497953616,99.88694356020413,2.91627,9.15961,0.130999,0.125983,1.0,yes,0.5,0.4,1466,170,1466,low-reuse-high-phase-dense,Chandak-108,phase_thresholds,3.5/7,2.0,phase_3.5_7,2,2.9410896115005016,100.0
1466,1398,95.36152796725784,0.12210095497953616,99.88694356020413,2.92412,9.15961,0.130999,0.125983,1.0,yes,0.5,0.4,1466,170,1466,low-reuse-high-phase-dense,Chandak-108,phase_thresholds,3.5/7,2.0,phase_3.5_7,3,2.948558211326599,100.0
1466,1389,94.74761255115962,0.13165075034106413,99.8781011570916,2.77825,9.15961,0.130999,0.125983,1.0,yes,0.375,0.4,1466,164,1466,low-reuse-high-phase-dense,Chandak-108,cross_weight_scale,0.75,0.75,cross_scale_0.75,1,2.8027815110981464,100.0
1466,1389,94.74761255115962,0.13165075034106413,99.8781011570916,2.89495,9.15961,0.130999,0.125983,1.0,yes,0.375,0.4,1466,164,1466,low-reuse-high-phase-dense,Chandak-108,cross_weight_scale,0.75,0.75,cross_scale_0.75,2,2.919672727584839,100.0
1466,1389,94.74761255115962,0.13165075034106413,99.8781011570916,2.72809,9.15961,0.130999,0.125983,1.0,yes,0.375,0.4,1466,164,1466,low-reuse-high-phase-dense,Chandak-108,cross_weight_scale,0.75,0.75,cross_scale_0.75,3,2.759090170264244,100.0
1466,1394,95.08867667121419,0.1275579809004093,99.88189075842556,2.93142,9.15961,0.130999,0.125983,1.0,yes,0.625,0.4,1466,179,1466,low-reuse-high-phase-dense,Chandak-108,cross_weight_scale,1.25,1.25,cross_scale_1.25,1,2.9580229595303535,100.0
1466,1394,95.08867667121419,0.1275579809004093,99.88189075842556,2.90092,9.15961,0.130999,0.125983,1.0,yes,0.625,0.4,1466,179,1466,low-reuse-high-phase-dense,Chandak-108,cross_weight_scale,1.25,1.25,cross_scale_1.25,2,2.9254335314035416,100.0
1466,1394,95.08867667121419,0.1275579809004093,99.88189075842556,2.89959,9.15961,0.130999,0.125983,1.0,yes,0.625,0.4,1466,179,1466,low-reuse-high-phase-dense,Chandak-108,cross_weight_scale,1.25,1.25,cross_scale_1.25,3,2.925073705613613,100.0
1466,1398,95.36152796725784,0.12210095497953616,99.88694356020413,2.99511,9.15961,0.130999,0.125983,1.0,yes,0.5,0.4,1466,170,1466,low-reuse-high-phase-dense,Chandak-108,route_min_fraction,0.05,0.05,route_floor_0.05,1,3.0197092965245247,100.0
1466,1398,95.36152796725784,0.12210095497953616,99.88694356020413,2.94366,9.15961,0.130999,0.125983,1.0,yes,0.5,0.4,1466,170,1466,low-reuse-high-phase-dense,Chandak-108,route_min_fraction,0.05,0.05,route_floor_0.05,2,2.968522284179926,100.0
1466,1398,95.36152796725784,0.12210095497953616,99.88694356020413,2.91781,9.15961,0.130999,0.125983,1.0,yes,0.5,0.4,1466,170,1466,low-reuse-high-phase-dense,Chandak-108,route_min_fraction,0.05,0.05,route_floor_0.05,3,2.942915540188551,100.0
1466,1398,95.36152796725784,0.12210095497953616,99.88694356020413,2.89236,9.15961,0.130999,0.125983,1.0,yes,0.5,0.4,1466,170,1466,low-reuse-high-phase-dense,Chandak-108,route_min_fraction,0.15,0.15,route_floor_0.15,1,2.919261049479246,100.0
1466,1398,95.36152796725784,0.12210095497953616,99.88694356020413,2.99071,9.15961,0.130999,0.125983,1.0,yes,0.5,0.4,1466,170,1466,low-reuse-high-phase-dense,Chandak-108,route_min_fraction,0.15,0.15,route_floor_0.15,2,3.0177406780421734,100.0
1466,1398,95.36152796725784,0.12210095497953616,99.88694356020413,2.88895,9.15961,0.130999,0.125983,1.0,yes,0.5,0.4,1466,170,1466,low-reuse-high-phase-dense,Chandak-108,route_min_fraction,0.15,0.15,route_floor_0.15,3,2.9153624027967453,100.0
1466,1398,95.36152796725784,0.12210095497953616,99.88694356020413,2.91284,9.15961,0.130999,0.125983,1.0,yes,0.5,0.4,1466,170,1466,low-reuse-high-phase-dense,Chandak-108,route_min_fraction,0.20,0.2,route_floor_0.20,1,2.9381476305425167,100.0
1466,1398,95.36152796725784,0.12210095497953616,99.88694356020413,2.96247,9.15961,0.130999,0.125983,1.0,yes,0.5,0.4,1466,170,1466,low-reuse-high-phase-dense,Chandak-108,route_min_fraction,0.20,0.2,route_floor_0.20,2,2.9885348230600357,100.0
1466,1398,95.36152796725784,0.12210095497953616,99.88694356020413,2.92079,9.15961,0.130999,0.125983,1.0,yes,0.5,0.4,1466,170,1466,low-reuse-high-phase-dense,Chandak-108,route_min_fraction,0.20,0.2,route_floor_0.20,3,2.9463875629007816,100.0
1466,1398,95.36152796725784,0.12210095497953616,99.88694356020413,2.67226,9.15961,0.130999,0.125983,1.0,yes,0.5,0.4,1466,170,1466,low-reuse-high-phase-dense,Chandak-108,phase_band,4,4.0,phase_band_4,1,2.6974617913365364,100.0
1466,1398,95.36152796725784,0.12210095497953616,99.88694356020413,2.72555,9.15961,0.130999,0.125983,1.0,yes,0.5,0.4,1466,170,1466,low-reuse-high-phase-dense,Chandak-108,phase_band,4,4.0,phase_band_4,2,2.7489298433065414,100.0
1466,1398,95.36152796725784,0.12210095497953616,99.88694356020413,2.58098,9.15961,0.130999,0.125983,1.0,yes,0.5,0.4,1466,170,1466,low-reuse-high-phase-dense,Chandak-108,phase_band,4,4.0,phase_band_4,3,2.6067396253347397,100.0
1466,1398,95.36152796725784,0.12210095497953616,99.88694356020413,3.23127,9.15961,0.130999,0.125983,1.0,yes,0.5,0.4,1466,170,1466,low-reuse-high-phase-dense,Chandak-108,phase_band,8,8.0,phase_band_8,1,3.2556283362209797,100.0
1466,1398,95.36152796725784,0.12210095497953616,99.88694356020413,3.19804,9.15961,0.130999,0.125983,1.0,yes,0.5,0.4,1466,170,1466,low-reuse-high-phase-dense,Chandak-108,phase_band,8,8.0,phase_band_8,2,3.224055103957653,100.0
1466,1398,95.36152796725784,0.12210095497953616,99.88694356020413,3.09158,9.15961,0.130999,0.125983,1.0,yes,0.5,0.4,1466,170,1466,low-reuse-high-phase-dense,Chandak-108,phase_band,8,8.0,phase_band_8,3,3.1167660281062126,100.0
