dataset,parameter,parameter_value,plot_x,repeats,routing_policy,reuse,phase_load,cross_trust,cross_weight,local_weight,success_percent_mean,success_percent_sd,mean_ed_mean,mean_ed_sd,reconstruction_percent_mean,reconstruction_percent_sd,elapsed_seconds_mean,elapsed_seconds_sd,decoded_fraction_percent_mean,decoded_fraction_percent_sd,changed_clusters_mean,changed_clusters_sd
Chandak-108,baseline,default,0.0,3,low-reuse-high-phase-dense,0.125983,9.15961,1.0,0.5,0.4,95.36152796725783,0.0,0.12210095497953616,0.0,99.88694356020413,0.0,2.930503333333333,0.11257132198447942,100.0,0.0,170.0,0.0
Chandak-108,coverage_threshold,20,20.0,3,low-reuse-high-phase-dense,0.127326,9.16229,1.0,0.5,0.4,94.88403819918146,0.0,0.13437926330150068,0.0,99.87557475620231,0.0,2.83376,0.06199858950008466,100.0,0.0,139.0,0.0
Chandak-108,coverage_threshold,30,30.0,3,low-reuse-high-phase-dense,0.126827,9.16229,1.0,0.5,0.4,95.225102319236,0.0,0.12892223738062755,0.0,99.8806275579809,0.0,2.88052,0.021855866489343317,100.0,0.0,148.0,0.0
Chandak-108,coverage_threshold,50,50.0,3,low-reuse-high-phase-dense,0.125624,9.15845,1.0,0.5,0.4,95.36152796725783,0.0,0.12346521145975443,0.0,99.88568035975949,0.0,2.87306,0.06507492374179173,100.0,0.0,183.0,0.0
Chandak-108,coverage_threshold,60,60.0,3,low-reuse-high-phase-dense,0.125336,9.16219,1.0,0.5,0.4,95.42974079126877,0.0,0.12210095497953616,0.0,99.88694356020413,0.0,2.807766666666667,0.06364400704962986,100.0,0.0,196.0,0.0
Chandak-108,cross_weight_scale,0.75,0.75,3,low-reuse-high-phase-dense,0.125983,9.15961,1.0,0.375,0.4,94.74761255115963,0.0,0.13165075034106413,0.0,99.87810115709162,0.0,2.80043,0.08561266962313477,100.0,0.0,164.0,0.0
Chandak-108,cross_weight_scale,1.25,1.25,3,low-reuse-high-phase-dense,0.125983,9.15961,1.0,0.625,0.4,95.08867667121417,0.0,0.1275579809004093,0.0,99.88189075842554,0.0,2.9106433333333332,0.018005405669779723,100.0,0.0,179.0,0.0
Chandak-108,phase_band,4,4.0,3,low-reuse-high-phase-dense,0.125983,9.15961,1.0,0.5,0.4,95.36152796725783,0.0,0.12210095497953616,0.0,99.88694356020413,0.0,2.659596666666667,0.07311218252338907,100.0,0.0,170.0,0.0
Chandak-108,phase_band,8,8.0,3,low-reuse-high-phase-dense,0.125983,9.15961,1.0,0.5,0.4,95.36152796725783,0.0,0.12210095497953616,0.0,99.88694356020413,0.0,3.1736299999999997,0.07297403716391192,100.0,0.0,170.0,0.0
Chandak-108,phase_thresholds,2.5/5,0.0,3,low-reuse-high-phase-dense,0.125983,9.15961,1.0,0.5,0.4,95.36152796725783,0.0,0.12210095497953616,0.0,99.88694356020413,0.0,2.7727533333333336,0.10993918515858368,100.0,0.0,170.0,0.0
Chandak-108,phase_thresholds,3.5/7,2.0,3,low-reuse-high-phase-dense,0.125983,9.15961,1.0,0.5,0.4,95.36152796725783,0.0,0.12210095497953616,0.0,99.88694356020413,0.0,2.946643333333333,0.04597769712951427,100.0,0.0,170.0,0.0
Chandak-108,reuse_threshold,0.30,0.3,3,low-reuse-high-phase-dense,0.125983,9.15961,1.0,0.5,0.4,95.36152796725783,0.0,0.12210095497953616,0.0,99.88694356020413,0.0,2.911186666666667,0.029682064169012017,100.0,0.0,170.0,0.0
Chandak-108,reuse_threshold,0.40,0.4,3,low-reuse-high-phase-dense,0.125983,9.15961,1.0,0.5,0.4,95.36152796725783,0.0,0.12210095497953616,0.0,99.88694356020413,0.0,2.941326666666667,0.029874641978328776,100.0,0.0,170.0,0.0
Chandak-108,reuse_threshold,0.60,0.6,3,low-reuse-high-phase-dense,0.125983,9.15961,1.0,0.5,0.4,95.36152796725783,0.0,0.12210095497953616,0.0,99.88694356020413,0.0,2.898066666666667,0.15432167745761868,100.0,0.0,170.0,0.0
Chandak-108,reuse_threshold,0.70,0.7,3,low-reuse-high-phase-dense,0.125983,9.15961,1.0,0.5,0.4,95.36152796725783,0.0,0.12210095497953616,0.0,99.88694356020413,0.0,2.9150066666666667,0.05222682675917953,100.0,0.0,170.0,0.0
Chandak-108,route_min_fraction,0.05,0.05,3,low-reuse-high-phase-dense,0.125983,9.15961,1.0,0.5,0.4,95.36152796725783,0.0,0.12210095497953616,0.0,99.88694356020413,0.0,2.9521933333333332,0.03935016941937275,100.0,0.0,170.0,0.0
Chandak-108,route_min_fraction,0.15,0.15,3,low-reuse-high-phase-dense,0.125983,9.15961,1.0,0.5,0.4,95.36152796725783,0.0,0.12210095497953616,0.0,99.88694356020413,0.0,2.9240066666666666,0.057791937442288034,100.0,0.0,170.0,0.0
Chandak-108,route_min_fraction,0.20,0.2,3,low-reuse-high-phase-dense,0.125983,9.15961,1.0,0.5,0.4,95.36152796725783,0.0,0.12210095497953616,0.0,99.88694356020413,0.0,2.9320333333333335,0.026656962192517997,100.0,0.0,170.0,0.0
Srinivas-110,baseline,default,0.0,3,adaptive-bimodal-anomaly,0.989565,3.82907,1.0,0.68,0.0,97.99679487179488,0.0,0.04907852564102564,0.0,99.95538315850816,0.0,1.9608066666666666,0.07551671492678505,10.006009615384615,0.0,704.0,0.0
Srinivas-110,coverage_threshold,20,20.0,3,adaptive-bimodal-anomaly,0.989939,3.83406,1.0,0.68,0.0,98.02684294871794,0.0,0.04857772435897436,0.0,99.95583843240094,0.0,2.004443333333333,0.01857506482716366,10.006009615384615,0.0,679.0,0.0
Srinivas-110,coverage_threshold,30,30.0,3,adaptive-bimodal-anomaly,0.989661,3.8288,1.0,0.68,0.0,98.05689102564104,0.0,0.047976762820512824,0.0,99.95638476107224,0.0,1.9597666666666669,0.03514030496927044,10.006009615384615,0.0,701.0,0.0
Srinivas-110,coverage_threshold,50,50.0,3,adaptive-bimodal-anomaly,0.989538,3.83046,1.0,0.68,0.0,98.03685897435896,0.0,0.04837740384615385,0.0,99.95602054195804,0.0,1.88602,0.019069260604438792,10.006009615384615,0.0,709.0,0.0
Srinivas-110,coverage_threshold,60,60.0,3,adaptive-bimodal-anomaly,0.989516,3.8298,1.0,0.68,0.0,97.95673076923077,0.0,0.050380608974358976,0.0,99.95419944638695,0.0,1.8431766666666665,0.005477831079298945,10.006009615384615,0.0,711.0,0.0
Srinivas-110,cross_weight_scale,0.75,0.75,3,adaptive-bimodal-anomaly,0.989565,3.82907,1.0,0.51,0.0,97.9266826923077,0.0,0.05088141025641026,0.0,99.95374417249417,0.0,2.5951299999999997,0.05296254903231146,10.006009615384615,0.0,689.0,0.0
Srinivas-110,cross_weight_scale,1.25,1.25,3,adaptive-bimodal-anomaly,0.989565,3.82907,1.0,0.85,0.0,97.8966346153846,0.0,0.05098157051282051,0.0,99.95365311771563,0.0,2.60964,0.03939623839911613,10.006009615384615,0.0,713.0,0.0
Srinivas-110,phase_band,4,4.0,3,adaptive-bimodal-anomaly,0.989565,3.82907,1.0,0.68,0.0,97.99679487179488,0.0,0.04927884615384615,0.0,99.95520104895105,0.0,2.34956,0.014852730388719775,10.006009615384615,0.0,704.0,0.0
Srinivas-110,phase_band,8,8.0,3,adaptive-bimodal-anomaly,0.989565,3.82907,1.0,0.68,0.0,97.99679487179488,0.0,0.04907852564102564,0.0,99.95538315850816,0.0,2.7528433333333333,0.044182178911109884,10.006009615384615,0.0,704.0,0.0
Srinivas-110,phase_thresholds,2.5/5,0.0,3,adaptive-bimodal-anomaly,0.989565,3.82907,1.0,0.68,0.0,97.99679487179488,0.0,0.04907852564102564,0.0,99.95538315850816,0.0,2.4981166666666668,0.10132816061358915,10.006009615384615,0.0,704.0,0.0
Srinivas-110,phase_thresholds,3.5/7,2.0,3,adaptive-bimodal-anomaly,0.989565,3.82907,1.0,0.68,0.0,97.99679487179488,0.0,0.04907852564102564,0.0,99.95538315850816,0.0,2.5741433333333332,0.04849822092956962,10.006009615384615,0.0,704.0,0.0
Srinivas-110,reuse_threshold,0.30,0.3,3,adaptive-bimodal-anomaly,0.989565,3.82907,1.0,0.68,0.0,97.99679487179488,0.0,0.04907852564102564,0.0,99.95538315850816,0.0,1.89874,0.007398270068063216,10.006009615384615,0.0,704.0,0.0
Srinivas-110,reuse_threshold,0.40,0.4,3,adaptive-bimodal-anomaly,0.989565,3.82907,1.0,0.68,0.0,97.99679487179488,0.0,0.04907852564102564,0.0,99.95538315850816,0.0,1.9224666666666668,0.018580824344827405,10.006009615384615,0.0,704.0,0.0
Srinivas-110,reuse_threshold,0.60,0.6,3,adaptive-bimodal-anomaly,0.989565,3.82907,1.0,0.68,0.0,97.99679487179488,0.0,0.04907852564102564,0.0,99.95538315850816,0.0,1.9064899999999998,0.0210721213929685,10.006009615384615,0.0,704.0,0.0
Srinivas-110,reuse_threshold,0.70,0.7,3,adaptive-bimodal-anomaly,0.989565,3.82907,1.0,0.68,0.0,97.99679487179488,0.0,0.04907852564102564,0.0,99.95538315850816,0.0,1.8938266666666665,0.0006007772743150014,10.006009615384615,0.0,704.0,0.0
Srinivas-110,route_min_fraction,0.05,0.05,3,adaptive-bimodal-anomaly,0.989565,3.82907,1.0,0.68,0.0,97.91666666666667,0.0,0.050380608974358976,0.0,99.95419944638695,0.0,2.3498266666666665,0.08410240563344981,7.281650641025641,0.0,688.0,0.0
Srinivas-110,route_min_fraction,0.15,0.15,3,adaptive-bimodal-anomaly,0.989565,3.82907,1.0,0.68,0.0,98.0068108974359,0.0,0.04887820512820513,0.0,99.95556526806529,0.0,2.9473333333333334,0.03442007021104612,15.00400641025641,0.0,705.0,0.0
Srinivas-110,route_min_fraction,0.20,0.2,3,adaptive-bimodal-anomaly,0.989565,3.82907,1.0,0.68,0.0,98.0068108974359,0.0,0.04887820512820513,0.0,99.95556526806529,0.0,3.33981,0.09608082899309303,20.002003205128204,0.0,705.0,0.0
